Time,CH B,
0.E+0,-5.37256E-1,
5.0025E-2,-4.65256E-1,
1.0005E-1,-5.45256E-1,
1.50075E-1,-4.73256E-1,
2.001E-1,-5.45256E-1,
2.50125E-1,-4.81256E-1,
3.0015E-1,-5.45256E-1,
3.50175E-1,-4.81256E-1,
4.002E-1,-5.53256E-1,
4.50225E-1,-4.81256E-1,
5.0025E-1,-5.53256E-1,
5.50275E-1,-4.89256E-1,
6.003E-1,-5.37256E-1,
6.50325E-1,-4.89256E-1,
7.0035E-1,-5.53256E-1,
7.50375E-1,-4.89256E-1,
8.004E-1,-5.53256E-1,
8.50425E-1,-4.89256E-1,
9.0045E-1,-5.53256E-1,
9.50475E-1,-4.89256E-1,
1.0005E+0,-5.53256E-1,
1.05053E+0,-4.89256E-1,
1.10055E+0,-5.53256E-1,
1.15058E+0,-4.89256E-1,
1.2006E+0,-5.53256E-1,
1.25063E+0,-4.25256E-1,
1.30065E+0,-5.61256E-1,
1.35068E+0,-4.89256E-1,
1.4007E+0,-5.53256E-1,
1.45073E+0,-4.89256E-1,
1.50075E+0,-5.53256E-1,
1.55078E+0,-4.89256E-1,
1.6008E+0,-5.53256E-1,
1.65083E+0,-4.97256E-1,
1.70085E+0,-5.61256E-1,
1.75088E+0,-4.89256E-1,
1.8009E+0,-5.61256E-1,
1.85093E+0,-4.89256E-1,
1.90095E+0,-5.61256E-1,
1.95098E+0,-4.97256E-1,
2.001E+0,-5.69256E-1,
2.05103E+0,-4.97256E-1,
2.10105E+0,-5.61256E-1,
2.15108E+0,-4.97256E-1,
2.2011E+0,-5.61256E-1,
2.25113E+0,-4.97256E-1,
2.30115E+0,-5.61256E-1,
2.35118E+0,-4.97256E-1,
2.4012E+0,-5.69256E-1,
2.45123E+0,-4.97256E-1,
2.50125E+0,-5.77256E-1,
2.55128E+0,-5.05256E-1,
2.6013E+0,-5.77256E-1,
2.65133E+0,-4.97256E-1,
2.70135E+0,-5.61256E-1,
2.75138E+0,-4.97256E-1,
2.8014E+0,-5.61256E-1,
2.85143E+0,-4.97256E-1,
2.90145E+0,-5.61256E-1,
2.95148E+0,-4.97256E-1,
3.0015E+0,-5.61256E-1,
3.05153E+0,-4.97256E-1,
3.10155E+0,-5.61256E-1,
3.15158E+0,-4.97256E-1,
3.2016E+0,-5.61256E-1,
3.25163E+0,-4.97256E-1,
3.30165E+0,-5.69256E-1,
3.35168E+0,-4.89256E-1,
3.4017E+0,-5.61256E-1,
3.45173E+0,-5.05256E-1,
3.50175E+0,-5.69256E-1,
3.55178E+0,-5.05256E-1,
3.6018E+0,-5.61256E-1,
3.65183E+0,-5.05256E-1,
3.70185E+0,-5.69256E-1,
3.75188E+0,-5.05256E-1,
3.8019E+0,-5.77256E-1,
3.85193E+0,-5.05256E-1,
3.90195E+0,-5.77256E-1,
3.95198E+0,-5.13256E-1,
4.002E+0,-5.77256E-1,
4.05203E+0,-5.13256E-1,
4.10205E+0,-5.77256E-1,
4.15208E+0,-5.13256E-1,
4.2021E+0,-5.77256E-1,
4.25213E+0,-5.13256E-1,
4.30215E+0,-5.85256E-1,
4.35218E+0,-5.13256E-1,
4.4022E+0,-5.85256E-1,
4.45223E+0,-5.13256E-1,
4.50225E+0,-5.85256E-1,
4.55228E+0,-5.13256E-1,
4.6023E+0,-5.85256E-1,
4.65233E+0,-5.13256E-1,
4.70235E+0,-5.85256E-1,
4.75238E+0,-5.13256E-1,
4.8024E+0,-5.69256E-1,
4.85243E+0,-5.13256E-1,
4.90245E+0,-5.85256E-1,
4.95248E+0,-5.21256E-1,
5.0025E+0,-5.85256E-1,
5.05253E+0,-5.21256E-1,
5.10255E+0,-5.85256E-1,
5.15258E+0,-5.21256E-1,
5.2026E+0,-5.85256E-1,
5.25263E+0,-5.21256E-1,
5.30265E+0,-5.93256E-1,
5.35268E+0,-4.65256E-1,
5.4027E+0,-5.93256E-1,
5.45273E+0,-5.21256E-1,
5.50275E+0,-5.85256E-1,
5.55278E+0,-5.21256E-1,
5.6028E+0,-5.85256E-1,
5.65283E+0,-5.21256E-1,
5.70285E+0,-5.85256E-1,
5.75288E+0,-5.21256E-1,
5.8029E+0,-5.77256E-1,
5.85293E+0,-5.21256E-1,
5.90295E+0,-5.85256E-1,
5.95298E+0,-5.21256E-1,
6.003E+0,-5.85256E-1,
6.05303E+0,-5.13256E-1,
6.10305E+0,-5.85256E-1,
6.15308E+0,-5.21256E-1,
6.2031E+0,-5.85256E-1,
6.25313E+0,-5.21256E-1,
6.30315E+0,-6.01256E-1,
6.35318E+0,-5.21256E-1,
6.4032E+0,-5.93256E-1,
6.45323E+0,-5.21256E-1,
6.50325E+0,-5.85256E-1,
6.55328E+0,-5.29256E-1,
6.6033E+0,-5.93256E-1,
6.65333E+0,-5.29256E-1,
6.70335E+0,-5.93256E-1,
6.75338E+0,-5.29256E-1,
6.8034E+0,-5.93256E-1,
6.85343E+0,-5.29256E-1,
6.90345E+0,-6.01256E-1,
6.95348E+0,-5.29256E-1,
7.0035E+0,-5.93256E-1,
7.05353E+0,-5.21256E-1,
7.10355E+0,-5.93256E-1,
7.15358E+0,-5.29256E-1,
7.2036E+0,-5.93256E-1,
7.25363E+0,-5.29256E-1,
7.30365E+0,-6.01256E-1,
7.35368E+0,-5.29256E-1,
7.4037E+0,-5.93256E-1,
7.45373E+0,-5.29256E-1,
7.50375E+0,-6.33256E-1,
7.55378E+0,-4.97256E-1,
7.6038E+0,-6.01256E-1,
7.65383E+0,-5.29256E-1,
7.70385E+0,-6.01256E-1,
7.75388E+0,-5.29256E-1,
7.8039E+0,-6.01256E-1,
7.85393E+0,-5.37256E-1,
7.90395E+0,-6.01256E-1,
7.95398E+0,-5.29256E-1,
8.004E+0,-6.09256E-1,
8.05403E+0,-4.89256E-1,
8.10405E+0,-6.01256E-1,
8.15408E+0,-5.37256E-1,
8.2041E+0,-6.01256E-1,
8.25413E+0,-5.37256E-1,
8.30415E+0,-6.17256E-1,
8.35418E+0,-5.37256E-1,
8.4042E+0,-6.01256E-1,
8.45423E+0,-5.37256E-1,
8.50425E+0,-6.01256E-1,
8.55428E+0,-5.37256E-1,
8.6043E+0,-6.01256E-1,
8.65433E+0,-5.37256E-1,
8.70435E+0,-6.01256E-1,
8.75438E+0,-5.37256E-1,
8.8044E+0,-6.17256E-1,
8.85443E+0,-5.37256E-1,
8.90445E+0,-5.93256E-1,
8.95448E+0,-5.37256E-1,
9.0045E+0,-6.17256E-1,
9.05453E+0,-5.37256E-1,
9.10455E+0,-6.17256E-1,
9.15458E+0,-5.37256E-1,
9.2046E+0,-6.01256E-1,
9.25463E+0,-5.37256E-1,
9.30465E+0,-6.01256E-1,
9.35468E+0,-5.37256E-1,
9.4047E+0,-6.01256E-1,
9.45473E+0,-5.29256E-1,
9.50475E+0,-6.01256E-1,
9.55478E+0,-5.29256E-1,
9.6048E+0,-6.01256E-1,
9.65483E+0,-5.29256E-1,
9.70485E+0,-6.01256E-1,
9.75488E+0,-5.37256E-1,
9.8049E+0,-6.01256E-1,
9.85493E+0,-5.29256E-1,
9.90495E+0,-6.01256E-1,
9.95498E+0,-5.29256E-1,
1.0005E+1,-6.01256E-1,
1.0055E+1,-5.37256E-1,
1.01051E+1,-6.01256E-1,
1.01551E+1,-5.29256E-1,
1.02051E+1,-6.01256E-1,
1.02551E+1,-5.29256E-1,
1.03052E+1,-6.01256E-1,
1.03552E+1,-5.29256E-1,
1.04052E+1,-6.01256E-1,
1.04552E+1,-5.37256E-1,
1.05053E+1,-6.01256E-1,
1.05553E+1,-5.29256E-1,
1.06053E+1,-6.01256E-1,
1.06553E+1,-5.29256E-1,
1.07054E+1,-6.01256E-1,
1.07554E+1,-5.37256E-1,
1.08054E+1,-6.09256E-1,
1.08554E+1,-5.29256E-1,
1.09055E+1,-5.93256E-1,
1.09555E+1,-5.29256E-1,
1.10055E+1,-5.93256E-1,
1.10555E+1,-5.29256E-1,
1.11056E+1,-5.93256E-1,
1.11556E+1,-5.29256E-1,
1.12056E+1,-5.93256E-1,
1.12556E+1,-5.13256E-1,
1.13057E+1,-5.85256E-1,
1.13557E+1,-5.29256E-1,
1.14057E+1,-5.93256E-1,
1.14557E+1,-5.21256E-1,
1.15058E+1,-5.85256E-1,
1.15558E+1,-5.21256E-1,
1.16058E+1,-5.93256E-1,
1.16558E+1,-5.21256E-1,
1.17059E+1,-5.85256E-1,
1.17559E+1,-5.21256E-1,
1.18059E+1,-5.85256E-1,
1.18559E+1,-5.21256E-1,
1.1906E+1,-5.85256E-1,
1.1956E+1,-5.21256E-1,
1.2006E+1,-5.93256E-1,
1.2056E+1,-5.21256E-1,
1.21061E+1,-5.77256E-1,
1.21561E+1,-5.21256E-1,
1.22061E+1,-5.85256E-1,
1.22561E+1,-5.13256E-1,
1.23062E+1,-5.85256E-1,
1.23562E+1,-5.13256E-1,
1.24062E+1,-5.85256E-1,
1.24562E+1,-5.13256E-1,
1.25063E+1,-5.77256E-1,
1.25563E+1,-5.13256E-1,
1.26063E+1,-5.85256E-1,
1.26563E+1,-5.13256E-1,
1.27064E+1,-5.93256E-1,
1.27564E+1,-5.13256E-1,
1.28064E+1,-5.77256E-1,
1.28564E+1,-5.13256E-1,
1.29065E+1,-5.77256E-1,
1.29565E+1,-5.13256E-1,
1.30065E+1,-5.85256E-1,
1.30565E+1,-5.13256E-1,
1.31066E+1,-5.77256E-1,
1.31566E+1,-5.13256E-1,
1.32066E+1,-5.85256E-1,
1.32566E+1,-5.05256E-1,
1.33067E+1,-5.77256E-1,
1.33567E+1,-5.05256E-1,
1.34067E+1,-5.85256E-1,
1.34567E+1,-5.05256E-1,
1.35068E+1,-5.69256E-1,
1.35568E+1,-5.05256E-1,
1.36068E+1,-5.77256E-1,
1.36568E+1,-5.05256E-1,
1.37069E+1,-5.77256E-1,
1.37569E+1,-4.97256E-1,
1.38069E+1,-5.69256E-1,
1.38569E+1,-5.05256E-1,
1.3907E+1,-5.61256E-1,
1.3957E+1,-4.97256E-1,
1.4007E+1,-5.53256E-1,
1.4057E+1,-4.89256E-1,
1.41071E+1,-5.53256E-1,
1.41571E+1,-4.97256E-1,
1.42071E+1,-5.61256E-1,
1.42571E+1,-4.89256E-1,
1.43072E+1,-5.45256E-1,
1.43572E+1,-4.89256E-1,
1.44072E+1,-5.61256E-1,
1.44572E+1,-4.81256E-1,
1.45073E+1,-5.45256E-1,
1.45573E+1,-4.81256E-1,
1.46073E+1,-5.45256E-1,
1.46573E+1,-4.81256E-1,
1.47074E+1,-5.37256E-1,
1.47574E+1,-4.73256E-1,
1.48074E+1,-5.37256E-1,
1.48574E+1,-4.73256E-1,
1.49075E+1,-5.29256E-1,
1.49575E+1,-4.65256E-1,
1.50075E+1,-5.21256E-1,
1.50575E+1,-4.65256E-1,
1.51076E+1,-5.21256E-1,
1.51576E+1,-4.57256E-1,
1.52076E+1,-5.21256E-1,
1.52576E+1,-4.49256E-1,
1.53077E+1,-5.13256E-1,
1.53577E+1,-4.41256E-1,
1.54077E+1,-5.13256E-1,
1.54577E+1,-4.41256E-1,
1.55078E+1,-4.97256E-1,
1.55578E+1,-4.33256E-1,
1.56078E+1,-4.97256E-1,
1.56578E+1,-4.25256E-1,
1.57079E+1,-4.97256E-1,
1.57579E+1,-4.09256E-1,
1.58079E+1,-4.89256E-1,
1.58579E+1,-4.25256E-1,
1.5908E+1,-4.89256E-1,
1.5958E+1,-4.17256E-1,
1.6008E+1,-4.81256E-1,
1.6058E+1,-4.17256E-1,
1.61081E+1,-4.73256E-1,
1.61581E+1,-4.09256E-1,
1.62081E+1,-4.73256E-1,
1.62581E+1,-3.85256E-1,
1.63082E+1,-4.65256E-1,
1.63582E+1,-4.01256E-1,
1.64082E+1,-4.57256E-1,
1.64582E+1,-4.01256E-1,
1.65083E+1,-4.57256E-1,
1.65583E+1,-3.93256E-1,
1.66083E+1,-4.57256E-1,
1.66583E+1,-3.85256E-1,
1.67084E+1,-4.49256E-1,
1.67584E+1,-3.85256E-1,
1.68084E+1,-4.41256E-1,
1.68584E+1,-3.77256E-1,
1.69085E+1,-4.41256E-1,
1.69585E+1,-3.77256E-1,
1.70085E+1,-4.41256E-1,
1.70585E+1,-3.77256E-1,
1.71086E+1,-4.33256E-1,
1.71586E+1,-3.69256E-1,
1.72086E+1,-4.25256E-1,
1.72586E+1,-3.37256E-1,
1.73087E+1,-4.25256E-1,
1.73587E+1,-3.61256E-1,
1.74087E+1,-4.25256E-1,
1.74587E+1,-3.37256E-1,
1.75088E+1,-4.25256E-1,
1.75588E+1,-3.61256E-1,
1.76088E+1,-4.17256E-1,
1.76588E+1,-3.53256E-1,
1.77089E+1,-4.17256E-1,
1.77589E+1,-3.37256E-1,
1.78089E+1,-4.17256E-1,
1.78589E+1,-3.45256E-1,
1.7909E+1,-4.09256E-1,
1.7959E+1,-3.45256E-1,
1.8009E+1,-4.01256E-1,
1.8059E+1,-3.45256E-1,
1.81091E+1,-4.09256E-1,
1.81591E+1,-3.05256E-1,
1.82091E+1,-4.01256E-1,
1.82591E+1,-3.13256E-1,
1.83092E+1,-3.93256E-1,
1.83592E+1,-3.29256E-1,
1.84092E+1,-4.01256E-1,
1.84592E+1,-3.29256E-1,
1.85093E+1,-3.93256E-1,
1.85593E+1,-3.29256E-1,
1.86093E+1,-3.93256E-1,
1.86593E+1,-3.29256E-1,
1.87094E+1,-4.09256E-1,
1.87594E+1,-3.29256E-1,
1.88094E+1,-4.01256E-1,
1.88594E+1,-3.21256E-1,
1.89095E+1,-3.85256E-1,
1.89595E+1,-3.21256E-1,
1.90095E+1,-3.85256E-1,
1.90595E+1,-3.21256E-1,
1.91096E+1,-3.77256E-1,
1.91596E+1,-3.13256E-1,
1.92096E+1,-3.85256E-1,
1.92596E+1,-3.13256E-1,
1.93097E+1,-3.77256E-1,
1.93597E+1,-3.05256E-1,
1.94097E+1,-3.69256E-1,
1.94597E+1,-3.05256E-1,
1.95098E+1,-3.77256E-1,
1.95598E+1,-3.05256E-1,
1.96098E+1,-3.69256E-1,
1.96598E+1,-3.05256E-1,
1.97099E+1,-3.69256E-1,
1.97599E+1,-2.97256E-1,
1.98099E+1,-3.69256E-1,
1.98599E+1,-2.97256E-1,
1.991E+1,-3.69256E-1,
1.996E+1,-2.89256E-1,
2.001E+1,-3.53256E-1,
2.006E+1,-2.89256E-1,
2.01101E+1,-3.53256E-1,
2.01601E+1,-2.89256E-1,
2.02101E+1,-3.53256E-1,
2.02601E+1,-2.81256E-1,
2.03102E+1,-3.53256E-1,
2.03602E+1,-2.81256E-1,
2.04102E+1,-3.53256E-1,
2.04602E+1,-2.73256E-1,
2.05103E+1,-3.45256E-1,
2.05603E+1,-2.73256E-1,
2.06103E+1,-3.45256E-1,
2.06603E+1,-2.73256E-1,
2.07104E+1,-3.45256E-1,
2.07604E+1,-2.73256E-1,
2.08104E+1,-3.45256E-1,
2.08604E+1,-2.81256E-1,
2.09105E+1,-3.53256E-1,
2.09605E+1,-2.81256E-1,
2.10105E+1,-3.37256E-1,
2.10605E+1,-2.73256E-1,
2.11106E+1,-3.37256E-1,
2.11606E+1,-2.73256E-1,
2.12106E+1,-3.29256E-1,
2.12606E+1,-2.73256E-1,
2.13107E+1,-3.37256E-1,
2.13607E+1,-2.09256E-1,
2.14107E+1,-3.29256E-1,
2.14607E+1,-2.73256E-1,
2.15108E+1,-3.29256E-1,
2.15608E+1,-2.73256E-1,
2.16108E+1,-3.37256E-1,
2.16608E+1,-2.73256E-1,
2.17109E+1,-3.37256E-1,
2.17609E+1,-2.65256E-1,
2.18109E+1,-3.37256E-1,
2.18609E+1,-2.65256E-1,
2.1911E+1,-3.29256E-1,
2.1961E+1,-2.65256E-1,
2.2011E+1,-3.29256E-1,
2.2061E+1,-2.65256E-1,
2.21111E+1,-3.37256E-1,
2.21611E+1,-2.65256E-1,
2.22111E+1,-3.29256E-1,
2.22611E+1,-2.65256E-1,
2.23112E+1,-3.29256E-1,
2.23612E+1,-2.65256E-1,
2.24112E+1,-3.29256E-1,
2.24612E+1,-2.65256E-1,
2.25113E+1,-3.29256E-1,
2.25613E+1,-2.65256E-1,
2.26113E+1,-3.29256E-1,
2.26613E+1,-2.65256E-1,
2.27114E+1,-3.29256E-1,
2.27614E+1,-2.65256E-1,
2.28114E+1,-3.29256E-1,
2.28614E+1,-2.65256E-1,
2.29115E+1,-3.29256E-1,
2.29615E+1,-2.65256E-1,
2.30115E+1,-3.37256E-1,
2.30615E+1,-2.17256E-1,
2.31116E+1,-3.37256E-1,
2.31616E+1,-2.65256E-1,
2.32116E+1,-3.29256E-1,
2.32616E+1,-2.17256E-1,
2.33117E+1,-3.37256E-1,
2.33617E+1,-2.65256E-1,
2.34117E+1,-3.45256E-1,
2.34617E+1,-1.61256E-1,
2.35118E+1,-3.37256E-1,
2.35618E+1,-2.65256E-1,
2.36118E+1,-3.37256E-1,
2.36618E+1,-2.65256E-1,
2.37119E+1,-3.29256E-1,
2.37619E+1,-2.65256E-1,
2.38119E+1,-3.29256E-1,
2.38619E+1,-2.65256E-1,
2.3912E+1,-3.37256E-1,
2.3962E+1,-2.57256E-1,
2.4012E+1,-3.37256E-1,
2.4062E+1,-2.57256E-1,
2.41121E+1,-3.37256E-1,
2.41621E+1,-2.57256E-1,
2.42121E+1,-3.37256E-1,
2.42621E+1,-2.57256E-1,
2.43122E+1,-3.37256E-1,
2.43622E+1,-2.65256E-1,
2.44122E+1,-3.37256E-1,
2.44622E+1,-2.65256E-1,
2.45123E+1,-3.37256E-1,
2.45623E+1,-2.65256E-1,
2.46123E+1,-3.37256E-1,
2.46623E+1,-2.65256E-1,
2.47124E+1,-3.29256E-1,
2.47624E+1,-2.65256E-1,
2.48124E+1,-3.29256E-1,
2.48624E+1,-2.65256E-1,
2.49125E+1,-3.37256E-1,
2.49625E+1,-2.65256E-1,
2.50125E+1,-3.45256E-1,
2.50625E+1,-2.65256E-1,
2.51126E+1,-3.45256E-1,
2.51626E+1,-2.65256E-1,
2.52126E+1,-3.37256E-1,
2.52626E+1,-2.09256E-1,
2.53127E+1,-3.45256E-1,
2.53627E+1,-2.01256E-1,
2.54127E+1,-3.37256E-1,
2.54627E+1,-2.65256E-1,
2.55128E+1,-3.45256E-1,
2.55628E+1,-2.65256E-1,
2.56128E+1,-3.37256E-1,
2.56628E+1,-2.65256E-1,
2.57129E+1,-3.37256E-1,
2.57629E+1,-1.69256E-1,
2.58129E+1,-3.45256E-1,
2.58629E+1,-2.65256E-1,
2.5913E+1,-3.45256E-1,
2.5963E+1,-2.33256E-1,
2.6013E+1,-3.37256E-1,
2.6063E+1,-2.73256E-1,
2.61131E+1,-3.45256E-1,
2.61631E+1,-1.29256E-1,
2.62131E+1,-3.37256E-1,
2.62631E+1,-2.73256E-1,
2.63132E+1,-3.45256E-1,
2.63632E+1,-2.73256E-1,
2.64132E+1,-3.53256E-1,
2.64632E+1,-2.49256E-1,
2.65133E+1,-3.61256E-1,
2.65633E+1,-2.73256E-1,
2.66133E+1,-3.85256E-1,
2.66633E+1,-3.05256E-1,
2.67134E+1,-3.93256E-1,
2.67634E+1,-2.81256E-1,
2.68134E+1,-3.69256E-1,
2.68634E+1,-2.81256E-1,
2.69135E+1,-3.61256E-1,
2.69635E+1,-2.81256E-1,
2.70135E+1,-3.53256E-1,
2.70635E+1,-2.81256E-1,
2.71136E+1,-3.61256E-1,
2.71636E+1,-2.81256E-1,
2.72136E+1,-3.53256E-1,
2.72636E+1,-1.45256E-1,
2.73137E+1,-3.45256E-1,
2.73637E+1,-2.81256E-1,
2.74137E+1,-3.53256E-1,
2.74637E+1,-2.81256E-1,
2.75138E+1,-3.53256E-1,
2.75638E+1,-2.81256E-1,
2.76138E+1,-3.53256E-1,
2.76638E+1,-2.81256E-1,
2.77139E+1,-3.45256E-1,
2.77639E+1,-2.41256E-1,
2.78139E+1,-3.53256E-1,
2.78639E+1,-2.81256E-1,
2.7914E+1,-3.53256E-1,
2.7964E+1,-2.25256E-1,
2.8014E+1,-3.53256E-1,
2.8064E+1,-2.81256E-1,
2.81141E+1,-3.61256E-1,
2.81641E+1,-2.49256E-1,
2.82141E+1,-3.61256E-1,
2.82641E+1,-2.41256E-1,
2.83142E+1,-3.61256E-1,
2.83642E+1,-2.89256E-1,
2.84142E+1,-3.69256E-1,
2.84642E+1,-2.89256E-1,
2.85143E+1,-3.69256E-1,
2.85643E+1,-2.97256E-1,
2.86143E+1,-3.69256E-1,
2.86643E+1,-2.97256E-1,
2.87144E+1,-3.69256E-1,
2.87644E+1,-2.97256E-1,
2.88144E+1,-3.77256E-1,
2.88644E+1,-3.05256E-1,
2.89145E+1,-3.77256E-1,
2.89645E+1,-3.13256E-1,
2.90145E+1,-3.77256E-1,
2.90645E+1,-3.13256E-1,
2.91146E+1,-3.85256E-1,
2.91646E+1,-3.13256E-1,
2.92146E+1,-3.85256E-1,
2.92646E+1,-3.21256E-1,
2.93147E+1,-3.85256E-1,
2.93647E+1,-3.21256E-1,
2.94147E+1,-3.85256E-1,
2.94647E+1,-3.21256E-1,
2.95148E+1,-3.93256E-1,
2.95648E+1,-3.21256E-1,
2.96148E+1,-3.93256E-1,
2.96648E+1,-3.21256E-1,
2.97149E+1,-3.93256E-1,
2.97649E+1,-3.21256E-1,
2.98149E+1,-3.85256E-1,
2.98649E+1,-3.29256E-1,
2.9915E+1,-3.93256E-1,
2.9965E+1,-3.29256E-1,
3.0015E+1,-4.01256E-1,
3.0065E+1,-3.37256E-1,
3.01151E+1,-4.01256E-1,
3.01651E+1,-3.37256E-1,
3.02151E+1,-4.01256E-1,
3.02651E+1,-2.81256E-1,
3.03152E+1,-4.09256E-1,
3.03652E+1,-3.37256E-1,
3.04152E+1,-4.09256E-1,
3.04652E+1,-3.37256E-1,
3.05153E+1,-4.09256E-1,
3.05653E+1,-3.37256E-1,
3.06153E+1,-4.09256E-1,
3.06653E+1,-3.45256E-1,
3.07154E+1,-4.01256E-1,
3.07654E+1,-3.45256E-1,
3.08154E+1,-4.09256E-1,
3.08654E+1,-3.45256E-1,
3.09155E+1,-4.09256E-1,
3.09655E+1,-3.45256E-1,
3.10155E+1,-4.09256E-1,
3.10655E+1,-3.45256E-1,
3.11156E+1,-4.17256E-1,
3.11656E+1,-3.45256E-1,
3.12156E+1,-4.09256E-1,
3.12656E+1,-3.45256E-1,
3.13157E+1,-4.09256E-1,
3.13657E+1,-3.53256E-1,
3.14157E+1,-4.25256E-1,
3.14657E+1,-3.53256E-1,
3.15158E+1,-4.09256E-1,
3.15658E+1,-3.45256E-1,
3.16158E+1,-4.17256E-1,
3.16658E+1,-3.53256E-1,
3.17159E+1,-4.17256E-1,
3.17659E+1,-3.53256E-1,
3.18159E+1,-4.25256E-1,
3.18659E+1,-3.53256E-1,
3.1916E+1,-4.25256E-1,
3.1966E+1,-3.53256E-1,
3.2016E+1,-4.25256E-1,
3.2066E+1,-3.53256E-1,
3.21161E+1,-4.25256E-1,
3.21661E+1,-3.61256E-1,
3.22161E+1,-4.25256E-1,
3.22661E+1,-3.61256E-1,
3.23162E+1,-4.25256E-1,
3.23662E+1,-3.61256E-1,
3.24162E+1,-4.25256E-1,
3.24662E+1,-2.09256E-1,
3.25163E+1,-4.33256E-1,
3.25663E+1,-3.69256E-1,
3.26163E+1,-4.33256E-1,
3.26663E+1,-3.69256E-1,
3.27164E+1,-4.25256E-1,
3.27664E+1,-3.69256E-1,
3.28164E+1,-4.25256E-1,
3.28664E+1,-3.69256E-1,
3.29165E+1,-4.33256E-1,
3.29665E+1,-3.69256E-1,
3.30165E+1,-4.33256E-1,
3.30665E+1,-3.69256E-1,
3.31166E+1,-4.41256E-1,
3.31666E+1,-3.77256E-1,
3.32166E+1,-4.41256E-1,
3.32666E+1,-3.21256E-1,
3.33167E+1,-4.49256E-1,
3.33667E+1,-3.77256E-1,
3.34167E+1,-4.49256E-1,
3.34667E+1,-3.37256E-1,
3.35168E+1,-4.57256E-1,
3.35668E+1,-3.85256E-1,
3.36168E+1,-4.65256E-1,
3.36668E+1,-3.93256E-1,
3.37169E+1,-4.73256E-1,
3.37669E+1,-3.93256E-1,
3.38169E+1,-4.73256E-1,
3.38669E+1,-3.93256E-1,
3.3917E+1,-4.73256E-1,
3.3967E+1,-4.01256E-1,
3.4017E+1,-4.57256E-1,
3.4067E+1,-4.01256E-1,
3.41171E+1,-4.73256E-1,
3.41671E+1,-4.09256E-1,
3.42171E+1,-4.81256E-1,
3.42671E+1,-4.09256E-1,
3.43172E+1,-4.89256E-1,
3.43672E+1,-4.09256E-1,
3.44172E+1,-4.81256E-1,
3.44672E+1,-4.17256E-1,
3.45173E+1,-4.97256E-1,
3.45673E+1,-4.17256E-1,
3.46173E+1,-4.97256E-1,
3.46673E+1,-4.17256E-1,
3.47174E+1,-4.89256E-1,
3.47674E+1,-4.17256E-1,
3.48174E+1,-4.89256E-1,
3.48674E+1,-4.17256E-1,
3.49175E+1,-4.97256E-1,
3.49675E+1,-4.17256E-1,
3.50175E+1,-4.97256E-1,
3.50675E+1,-4.25256E-1,
3.51176E+1,-4.97256E-1,
3.51676E+1,-4.25256E-1,
3.52176E+1,-4.97256E-1,
3.52676E+1,-4.33256E-1,
3.53177E+1,-4.97256E-1,
3.53677E+1,-4.33256E-1,
3.54177E+1,-5.05256E-1,
3.54677E+1,-4.33256E-1,
3.55178E+1,-5.05256E-1,
3.55678E+1,-4.41256E-1,
3.56178E+1,-5.13256E-1,
3.56678E+1,-4.41256E-1,
3.57179E+1,-5.13256E-1,
3.57679E+1,-4.41256E-1,
3.58179E+1,-5.13256E-1,
3.58679E+1,-4.41256E-1,
3.5918E+1,-5.21256E-1,
3.5968E+1,-4.49256E-1,
3.6018E+1,-5.13256E-1,
3.6068E+1,-4.49256E-1,
3.61181E+1,-5.21256E-1,
3.61681E+1,-4.49256E-1,
3.62181E+1,-5.29256E-1,
3.62681E+1,-4.57256E-1,
3.63182E+1,-5.29256E-1,
3.63682E+1,-4.57256E-1,
3.64182E+1,-5.29256E-1,
3.64682E+1,-4.57256E-1,
3.65183E+1,-5.29256E-1,
3.65683E+1,-4.57256E-1,
3.66183E+1,-5.29256E-1,
3.66683E+1,-4.57256E-1,
3.67184E+1,-5.29256E-1,
3.67684E+1,-4.65256E-1,
3.68184E+1,-5.37256E-1,
3.68684E+1,-4.65256E-1,
3.69185E+1,-5.37256E-1,
3.69685E+1,-4.65256E-1,
3.70185E+1,-5.37256E-1,
3.70685E+1,-4.65256E-1,
3.71186E+1,-5.37256E-1,
3.71686E+1,-4.73256E-1,
3.72186E+1,-5.37256E-1,
3.72686E+1,-4.73256E-1,
3.73187E+1,-5.45256E-1,
3.73687E+1,-4.73256E-1,
3.74187E+1,-5.37256E-1,
3.74687E+1,-4.81256E-1,
3.75188E+1,-5.53256E-1,
3.75688E+1,-4.81256E-1,
3.76188E+1,-5.53256E-1,
3.76688E+1,-4.81256E-1,
3.77189E+1,-5.69256E-1,
3.77689E+1,-4.81256E-1,
3.78189E+1,-6.09256E-1,
3.78689E+1,-4.89256E-1,
3.7919E+1,-5.69256E-1,
3.7969E+1,-4.89256E-1,
3.8019E+1,-5.69256E-1,
3.8069E+1,-4.97256E-1,
3.81191E+1,-6.09256E-1,
3.81691E+1,-4.97256E-1,
3.82191E+1,-5.85256E-1,
3.82691E+1,-5.05256E-1,
3.83192E+1,-5.69256E-1,
3.83692E+1,-5.05256E-1,
3.84192E+1,-5.85256E-1,
3.84692E+1,-5.05256E-1,
3.85193E+1,-5.77256E-1,
3.85693E+1,-5.13256E-1,
3.86193E+1,-5.85256E-1,
3.86693E+1,-5.13256E-1,
3.87194E+1,-5.85256E-1,
3.87694E+1,-5.21256E-1,
3.88194E+1,-5.85256E-1,
3.88694E+1,-5.21256E-1,
3.89195E+1,-5.85256E-1,
3.89695E+1,-5.21256E-1,
3.90195E+1,-5.93256E-1,
3.90695E+1,-5.21256E-1,
3.91196E+1,-5.85256E-1,
3.91696E+1,-5.21256E-1,
3.92196E+1,-5.85256E-1,
3.92696E+1,-5.21256E-1,
3.93197E+1,-5.85256E-1,
3.93697E+1,-5.21256E-1,
3.94197E+1,-5.93256E-1,
3.94697E+1,-5.21256E-1,
3.95198E+1,-5.85256E-1,
3.95698E+1,-5.21256E-1,
3.96198E+1,-5.85256E-1,
3.96698E+1,-5.13256E-1,
3.97199E+1,-5.85256E-1,
3.97699E+1,-5.13256E-1,
3.98199E+1,-5.85256E-1,
3.98699E+1,-5.13256E-1,
3.992E+1,-5.85256E-1,
3.997E+1,-5.13256E-1,
4.002E+1,-5.85256E-1,
4.007E+1,-5.13256E-1,
4.01201E+1,-5.85256E-1,
4.01701E+1,-5.21256E-1,
4.02201E+1,-6.33256E-1,
4.02701E+1,-5.21256E-1,
4.03202E+1,-6.33256E-1,
4.03702E+1,-5.21256E-1,
4.04202E+1,-5.85256E-1,
4.04702E+1,-5.21256E-1,
4.05203E+1,-6.33256E-1,
4.05703E+1,-5.21256E-1,
4.06203E+1,-5.93256E-1,
4.06703E+1,-5.21256E-1,
4.07204E+1,-5.93256E-1,
4.07704E+1,-5.21256E-1,
4.08204E+1,-5.85256E-1,
4.08704E+1,-5.21256E-1,
4.09205E+1,-5.93256E-1,
4.09705E+1,-5.21256E-1,
4.10205E+1,-5.93256E-1,
4.10705E+1,-5.21256E-1,
4.11206E+1,-5.93256E-1,
4.11706E+1,-5.29256E-1,
4.12206E+1,-5.93256E-1,
4.12706E+1,-5.29256E-1,
4.13207E+1,-5.93256E-1,
4.13707E+1,-5.29256E-1,
4.14207E+1,-6.01256E-1,
4.14707E+1,-5.29256E-1,
4.15208E+1,-5.93256E-1,
4.15708E+1,-5.29256E-1,
4.16208E+1,-6.01256E-1,
4.16708E+1,-5.29256E-1,
4.17209E+1,-6.01256E-1,
4.17709E+1,-5.29256E-1,
4.18209E+1,-6.09256E-1,
4.18709E+1,-5.37256E-1,
4.1921E+1,-6.01256E-1,
4.1971E+1,-5.37256E-1,
4.2021E+1,-6.01256E-1,
4.2071E+1,-5.37256E-1,
4.21211E+1,-6.09256E-1,
4.21711E+1,-5.45256E-1,
4.22211E+1,-6.09256E-1,
4.22711E+1,-5.45256E-1,
4.23212E+1,-6.09256E-1,
4.23712E+1,-5.45256E-1,
4.24212E+1,-6.01256E-1,
4.24712E+1,-5.45256E-1,
4.25213E+1,-6.09256E-1,
4.25713E+1,-5.45256E-1,
4.26213E+1,-6.25256E-1,
4.26713E+1,-5.53256E-1,
4.27214E+1,-6.09256E-1,
4.27714E+1,-5.53256E-1,
4.28214E+1,-6.17256E-1,
4.28714E+1,-5.53256E-1,
4.29215E+1,-6.09256E-1,
4.29715E+1,-5.53256E-1,
4.30215E+1,-6.17256E-1,
4.30715E+1,-5.53256E-1,
4.31216E+1,-6.17256E-1,
4.31716E+1,-5.53256E-1,
4.32216E+1,-6.25256E-1,
4.32716E+1,-5.53256E-1,
4.33217E+1,-6.25256E-1,
4.33717E+1,-5.53256E-1,
4.34217E+1,-6.25256E-1,
4.34717E+1,-5.61256E-1,
4.35218E+1,-6.25256E-1,
4.35718E+1,-5.53256E-1,
4.36218E+1,-6.25256E-1,
4.36718E+1,-5.61256E-1,
4.37219E+1,-6.25256E-1,
4.37719E+1,-5.61256E-1,
4.38219E+1,-6.25256E-1,
4.38719E+1,-5.61256E-1,
4.3922E+1,-6.41256E-1,
4.3972E+1,-5.61256E-1,
4.4022E+1,-6.25256E-1,
4.4072E+1,-5.61256E-1,
4.41221E+1,-6.17256E-1,
4.41721E+1,-5.61256E-1,
4.42221E+1,-6.25256E-1,
4.42721E+1,-5.61256E-1,
4.43222E+1,-6.17256E-1,
4.43722E+1,-5.53256E-1,
4.44222E+1,-6.49256E-1,
4.44722E+1,-5.53256E-1,
4.45223E+1,-6.09256E-1,
4.45723E+1,-5.45256E-1,
4.46223E+1,-6.17256E-1,
4.46723E+1,-5.45256E-1,
4.47224E+1,-6.09256E-1,
4.47724E+1,-5.45256E-1,
4.48224E+1,-6.09256E-1,
4.48724E+1,-5.45256E-1,
4.49225E+1,-6.09256E-1,
4.49725E+1,-5.37256E-1,
4.50225E+1,-6.09256E-1,
4.50725E+1,-5.45256E-1,
4.51226E+1,-6.09256E-1,
4.51726E+1,-5.45256E-1,
4.52226E+1,-6.09256E-1,
4.52726E+1,-5.45256E-1,
4.53227E+1,-6.09256E-1,
4.53727E+1,-5.05256E-1,
4.54227E+1,-6.09256E-1,
4.54727E+1,-5.37256E-1,
4.55228E+1,-6.09256E-1,
4.55728E+1,-5.45256E-1,
4.56228E+1,-6.09256E-1,
4.56728E+1,-5.45256E-1,
4.57229E+1,-6.09256E-1,
4.57729E+1,-5.45256E-1,
4.58229E+1,-6.09256E-1,
4.58729E+1,-5.45256E-1,
4.5923E+1,-6.09256E-1,
4.5973E+1,-5.37256E-1,
4.6023E+1,-6.09256E-1,
4.6073E+1,-5.37256E-1,
4.61231E+1,-6.01256E-1,
4.61731E+1,-5.45256E-1,
4.62231E+1,-6.09256E-1,
4.62731E+1,-5.37256E-1,
4.63232E+1,-6.01256E-1,
4.63732E+1,-5.37256E-1,
4.64232E+1,-6.01256E-1,
4.64732E+1,-5.37256E-1,
4.65233E+1,-5.93256E-1,
4.65733E+1,-5.37256E-1,
4.66233E+1,-6.01256E-1,
4.66733E+1,-5.37256E-1,
4.67234E+1,-6.01256E-1,
4.67734E+1,-5.37256E-1,
4.68234E+1,-6.09256E-1,
4.68734E+1,-5.37256E-1,
4.69235E+1,-6.09256E-1,
4.69735E+1,-5.37256E-1,
4.70235E+1,-6.01256E-1,
4.70735E+1,-5.37256E-1,
4.71236E+1,-6.01256E-1,
4.71736E+1,-5.29256E-1,
4.72236E+1,-6.01256E-1,
4.72736E+1,-5.29256E-1,
4.73237E+1,-5.93256E-1,
4.73737E+1,-5.29256E-1,
4.74237E+1,-6.01256E-1,
4.74737E+1,-4.97256E-1,
4.75238E+1,-5.93256E-1,
4.75738E+1,-5.29256E-1,
4.76238E+1,-5.93256E-1,
4.76738E+1,-5.21256E-1,
4.77239E+1,-5.85256E-1,
4.77739E+1,-4.81256E-1,
4.78239E+1,-5.85256E-1,
4.78739E+1,-5.21256E-1,
4.7924E+1,-5.85256E-1,
4.7974E+1,-5.21256E-1,
4.8024E+1,-5.85256E-1,
4.8074E+1,-5.21256E-1,
4.81241E+1,-5.85256E-1,
4.81741E+1,-5.21256E-1,
4.82241E+1,-5.77256E-1,
4.82741E+1,-5.13256E-1,
4.83242E+1,-5.77256E-1,
4.83742E+1,-5.13256E-1,
4.84242E+1,-5.77256E-1,
4.84742E+1,-5.13256E-1,
4.85243E+1,-5.77256E-1,
4.85743E+1,-5.13256E-1,
4.86243E+1,-5.77256E-1,
4.86743E+1,-5.13256E-1,
4.87244E+1,-5.77256E-1,
4.87744E+1,-5.13256E-1,
4.88244E+1,-5.69256E-1,
4.88744E+1,-5.13256E-1,
4.89245E+1,-5.77256E-1,
4.89745E+1,-5.13256E-1,
4.90245E+1,-5.77256E-1,
4.90745E+1,-5.05256E-1,
4.91246E+1,-5.69256E-1,
4.91746E+1,-5.13256E-1,
4.92246E+1,-5.77256E-1,
4.92746E+1,-5.13256E-1,
4.93247E+1,-5.85256E-1,
4.93747E+1,-5.05256E-1,
4.94247E+1,-5.77256E-1,
4.94747E+1,-5.05256E-1,
4.95248E+1,-5.69256E-1,
4.95748E+1,-5.05256E-1,
4.96248E+1,-5.69256E-1,
4.96748E+1,-5.05256E-1,
4.97249E+1,-6.17256E-1,
4.97749E+1,-4.97256E-1,
4.98249E+1,-6.09256E-1,
4.98749E+1,-5.05256E-1,
4.9925E+1,-5.69256E-1,
4.9975E+1,-4.97256E-1,
5.0025E+1,-5.61256E-1,
5.0075E+1,-4.97256E-1,
5.01251E+1,-5.61256E-1,
5.01751E+1,-4.97256E-1,
5.02251E+1,-5.61256E-1,
5.02751E+1,-4.89256E-1,
5.03252E+1,-5.61256E-1,
5.03752E+1,-4.89256E-1,
5.04252E+1,-5.53256E-1,
5.04752E+1,-4.89256E-1,
5.05253E+1,-5.53256E-1,
5.05753E+1,-4.89256E-1,
5.06253E+1,-5.61256E-1,
5.06753E+1,-4.81256E-1,
5.07254E+1,-5.61256E-1,
5.07754E+1,-4.81256E-1,
5.08254E+1,-5.45256E-1,
5.08754E+1,-4.81256E-1,
5.09255E+1,-5.45256E-1,
5.09755E+1,-4.73256E-1,
5.10255E+1,-5.45256E-1,
5.10755E+1,-4.81256E-1,
5.11256E+1,-5.45256E-1,
5.11756E+1,-4.73256E-1,
5.12256E+1,-5.37256E-1,
5.12756E+1,-4.65256E-1,
5.13257E+1,-5.45256E-1,
5.13757E+1,-4.65256E-1,
5.14257E+1,-5.45256E-1,
5.14757E+1,-4.65256E-1,
5.15258E+1,-5.29256E-1,
5.15758E+1,-4.57256E-1,
5.16258E+1,-5.29256E-1,
5.16758E+1,-4.49256E-1,
5.17259E+1,-5.21256E-1,
5.17759E+1,-4.49256E-1,
5.18259E+1,-5.21256E-1,
5.18759E+1,-4.49256E-1,
5.1926E+1,-5.13256E-1,
5.1976E+1,-4.41256E-1,
5.2026E+1,-5.05256E-1,
5.2076E+1,-4.41256E-1,
5.21261E+1,-5.05256E-1,
5.21761E+1,-4.33256E-1,
5.22261E+1,-5.05256E-1,
5.22761E+1,-4.33256E-1,
5.23262E+1,-4.97256E-1,
5.23762E+1,-4.25256E-1,
5.24262E+1,-4.97256E-1,
5.24762E+1,-4.25256E-1,
5.25263E+1,-4.89256E-1,
5.25763E+1,-4.17256E-1,
5.26263E+1,-4.89256E-1,
5.26763E+1,-4.17256E-1,
5.27264E+1,-4.81256E-1,
5.27764E+1,-4.17256E-1,
5.28264E+1,-4.81256E-1,
5.28764E+1,-4.09256E-1,
5.29265E+1,-4.73256E-1,
5.29765E+1,-4.09256E-1,
5.30265E+1,-4.73256E-1,
5.30765E+1,-4.09256E-1,
5.31266E+1,-4.73256E-1,
5.31766E+1,-4.09256E-1,
5.32266E+1,-4.73256E-1,
5.32766E+1,-4.01256E-1,
5.33267E+1,-4.65256E-1,
5.33767E+1,-4.01256E-1,
5.34267E+1,-4.65256E-1,
5.34767E+1,-3.45256E-1,
5.35268E+1,-4.57256E-1,
5.35768E+1,-3.93256E-1,
5.36268E+1,-4.49256E-1,
5.36768E+1,-3.93256E-1,
5.37269E+1,-4.49256E-1,
5.37769E+1,-3.85256E-1,
5.38269E+1,-4.49256E-1,
5.38769E+1,-3.85256E-1,
5.3927E+1,-4.49256E-1,
5.3977E+1,-3.85256E-1,
5.4027E+1,-4.49256E-1,
5.4077E+1,-3.85256E-1,
5.41271E+1,-4.49256E-1,
5.41771E+1,-3.77256E-1,
5.42271E+1,-4.41256E-1,
5.42771E+1,-3.77256E-1,
5.43272E+1,-4.41256E-1,
5.43772E+1,-3.77256E-1,
5.44272E+1,-4.33256E-1,
5.44772E+1,-3.77256E-1,
5.45273E+1,-4.33256E-1,
5.45773E+1,-3.69256E-1,
5.46273E+1,-4.33256E-1,
5.46773E+1,-3.69256E-1,
5.47274E+1,-4.25256E-1,
5.47774E+1,-3.69256E-1,
5.48274E+1,-4.33256E-1,
5.48774E+1,-3.69256E-1,
5.49275E+1,-4.25256E-1,
5.49775E+1,-3.69256E-1,
5.50275E+1,-4.33256E-1,
5.50775E+1,-3.69256E-1,
5.51276E+1,-4.33256E-1,
5.51776E+1,-3.61256E-1,
5.52276E+1,-4.17256E-1,
5.52776E+1,-3.61256E-1,
5.53277E+1,-4.25256E-1,
5.53777E+1,-2.97256E-1,
5.54277E+1,-4.57256E-1,
5.54777E+1,-3.53256E-1,
5.55278E+1,-4.17256E-1,
5.55778E+1,-3.53256E-1,
5.56278E+1,-4.17256E-1,
5.56778E+1,-3.53256E-1,
5.57279E+1,-4.17256E-1,
5.57779E+1,-2.89256E-1,
5.58279E+1,-4.25256E-1,
5.58779E+1,-3.45256E-1,
5.5928E+1,-4.09256E-1,
5.5978E+1,-3.45256E-1,
5.6028E+1,-4.41256E-1,
5.6078E+1,-3.45256E-1,
5.61281E+1,-4.09256E-1,
5.61781E+1,-3.37256E-1,
5.62281E+1,-4.01256E-1,
5.62781E+1,-3.37256E-1,
5.63282E+1,-4.01256E-1,
5.63782E+1,-3.37256E-1,
5.64282E+1,-4.01256E-1,
5.64782E+1,-3.37256E-1,
5.65283E+1,-3.93256E-1,
5.65783E+1,-3.29256E-1,
5.66283E+1,-3.93256E-1,
5.66783E+1,-3.29256E-1,
5.67284E+1,-3.93256E-1,
5.67784E+1,-3.29256E-1,
5.68284E+1,-3.85256E-1,
5.68784E+1,-3.21256E-1,
5.69285E+1,-3.93256E-1,
5.69785E+1,-3.21256E-1,
5.70285E+1,-3.85256E-1,
5.70785E+1,-3.21256E-1,
5.71286E+1,-3.85256E-1,
5.71786E+1,-3.21256E-1,
5.72286E+1,-3.85256E-1,
5.72786E+1,-3.13256E-1,
5.73287E+1,-3.77256E-1,
5.73787E+1,-3.13256E-1,
5.74287E+1,-3.69256E-1,
5.74787E+1,-3.13256E-1,
5.75288E+1,-3.69256E-1,
5.75788E+1,-3.05256E-1,
5.76288E+1,-3.69256E-1,
5.76788E+1,-3.05256E-1,
5.77289E+1,-3.77256E-1,
5.77789E+1,-3.05256E-1,
5.78289E+1,-3.69256E-1,
5.78789E+1,-3.05256E-1,
5.7929E+1,-3.85256E-1,
5.7979E+1,-3.05256E-1,
5.8029E+1,-3.85256E-1,
5.8079E+1,-3.05256E-1,
5.81291E+1,-3.85256E-1,
5.81791E+1,-3.05256E-1,
5.82291E+1,-3.61256E-1,
5.82791E+1,-3.05256E-1,
5.83292E+1,-3.69256E-1,
5.83792E+1,-3.05256E-1,
5.84292E+1,-3.69256E-1,
5.84792E+1,-2.97256E-1,
5.85293E+1,-3.69256E-1,
5.85793E+1,-2.97256E-1,
5.86293E+1,-3.61256E-1,
5.86793E+1,-2.97256E-1,
5.87294E+1,-3.61256E-1,
5.87794E+1,-2.97256E-1,
5.88294E+1,-3.61256E-1,
5.88794E+1,-3.05256E-1,
5.89295E+1,-3.61256E-1,
5.89795E+1,-2.97256E-1,
5.90295E+1,-3.61256E-1,
5.90795E+1,-2.97256E-1,
5.91296E+1,-3.53256E-1,
5.91796E+1,-2.97256E-1,
5.92296E+1,-3.61256E-1,
5.92796E+1,-2.97256E-1,
5.93297E+1,-3.61256E-1,
5.93797E+1,-2.97256E-1,
5.94297E+1,-3.61256E-1,
5.94797E+1,-2.97256E-1,
5.95298E+1,-3.61256E-1,
5.95798E+1,-2.97256E-1,
5.96298E+1,-3.61256E-1,
5.96798E+1,-2.97256E-1,
5.97299E+1,-3.61256E-1,
5.97799E+1,-2.97256E-1,
5.98299E+1,-3.61256E-1,
5.98799E+1,-2.97256E-1,
5.993E+1,-3.61256E-1,
5.998E+1,-2.97256E-1,
6.003E+1,-3.69256E-1,
6.008E+1,-2.97256E-1,
6.01301E+1,-3.61256E-1,
6.01801E+1,-3.05256E-1,
6.02301E+1,-3.61256E-1,
6.02801E+1,-3.05256E-1,
6.03302E+1,-3.61256E-1,
6.03802E+1,-2.97256E-1,
6.04302E+1,-4.01256E-1,
6.04802E+1,-3.05256E-1,
6.05303E+1,-3.93256E-1,
6.05803E+1,-3.05256E-1,
6.06303E+1,-3.61256E-1,
6.06803E+1,-3.05256E-1,
6.07304E+1,-3.69256E-1,
6.07804E+1,-3.05256E-1,
6.08304E+1,-3.69256E-1,
6.08804E+1,-3.05256E-1,
6.09305E+1,-3.69256E-1,
6.09805E+1,-3.05256E-1,
6.10305E+1,-3.77256E-1,
6.10805E+1,-3.05256E-1,
6.11306E+1,-3.77256E-1,
6.11806E+1,-3.13256E-1,
6.12306E+1,-3.77256E-1,
6.12806E+1,-3.13256E-1,
6.13307E+1,-3.77256E-1,
6.13807E+1,-3.13256E-1,
6.14307E+1,-3.93256E-1,
6.14807E+1,-3.21256E-1,
6.15308E+1,-4.01256E-1,
6.15808E+1,-3.21256E-1,
6.16308E+1,-3.85256E-1,
6.16808E+1,-3.21256E-1,
6.17309E+1,-3.85256E-1,
6.17809E+1,-3.21256E-1,
6.18309E+1,-3.85256E-1,
6.18809E+1,-3.21256E-1,
6.1931E+1,-3.85256E-1,
6.1981E+1,-3.21256E-1,
6.2031E+1,-4.25256E-1,
6.2081E+1,-3.29256E-1,
6.21311E+1,-3.85256E-1,
6.21811E+1,-3.29256E-1,
6.22311E+1,-3.85256E-1,
6.22811E+1,-3.21256E-1,
6.23312E+1,-3.85256E-1,
6.23812E+1,-3.29256E-1,
6.24312E+1,-3.85256E-1,
6.24812E+1,-3.29256E-1,
6.25313E+1,-3.85256E-1,
6.25813E+1,-3.29256E-1,
6.26313E+1,-3.93256E-1,
6.26813E+1,-3.29256E-1,
6.27314E+1,-3.93256E-1,
6.27814E+1,-3.29256E-1,
6.28314E+1,-3.93256E-1,
6.28814E+1,-3.29256E-1,
6.29315E+1,-3.93256E-1,
6.29815E+1,-3.29256E-1,
6.30315E+1,-3.93256E-1,
6.30815E+1,-3.37256E-1,
6.31316E+1,-4.01256E-1,
6.31816E+1,-3.37256E-1,
6.32316E+1,-3.85256E-1,
6.32816E+1,-3.37256E-1,
6.33317E+1,-4.01256E-1,
6.33817E+1,-3.37256E-1,
6.34317E+1,-4.01256E-1,
6.34817E+1,-3.37256E-1,
6.35318E+1,-4.17256E-1,
6.35818E+1,-3.45256E-1,
6.36318E+1,-4.33256E-1,
6.36818E+1,-3.45256E-1,
6.37319E+1,-4.09256E-1,
6.37819E+1,-3.37256E-1,
6.38319E+1,-4.09256E-1,
6.38819E+1,-3.45256E-1,
6.3932E+1,-4.09256E-1,
6.3982E+1,-3.45256E-1,
6.4032E+1,-4.09256E-1,
6.4082E+1,-3.45256E-1,
6.41321E+1,-4.01256E-1,
6.41821E+1,-3.45256E-1,
6.42321E+1,-4.09256E-1,
6.42821E+1,-3.45256E-1,
6.43322E+1,-4.09256E-1,
6.43822E+1,-2.89256E-1,
6.44322E+1,-4.09256E-1,
6.44822E+1,-3.45256E-1,
6.45323E+1,-4.01256E-1,
6.45823E+1,-3.37256E-1,
6.46323E+1,-4.09256E-1,
6.46823E+1,-3.37256E-1,
6.47324E+1,-4.01256E-1,
6.47824E+1,-3.37256E-1,
6.48324E+1,-4.09256E-1,
6.48824E+1,-3.29256E-1,
6.49325E+1,-4.01256E-1,
6.49825E+1,-3.29256E-1,
6.50325E+1,-3.93256E-1,
6.50825E+1,-3.29256E-1,
6.51326E+1,-4.41256E-1,
6.51826E+1,-3.29256E-1,
6.52326E+1,-4.41256E-1,
6.52826E+1,-3.45256E-1,
6.53327E+1,-4.57256E-1,
6.53827E+1,-3.45256E-1,
6.54327E+1,-4.57256E-1,
6.54827E+1,-3.53256E-1,
6.55328E+1,-4.57256E-1,
6.55828E+1,-3.53256E-1,
6.56328E+1,-4.17256E-1,
6.56828E+1,-3.53256E-1,
6.57329E+1,-4.25256E-1,
6.57829E+1,-2.89256E-1,
6.58329E+1,-4.17256E-1,
6.58829E+1,-3.53256E-1,
6.5933E+1,-4.17256E-1,
6.5983E+1,-3.53256E-1,
6.6033E+1,-4.17256E-1,
6.6083E+1,-3.53256E-1,
6.61331E+1,-4.25256E-1,
6.61831E+1,-3.61256E-1,
6.62331E+1,-4.25256E-1,
6.62831E+1,-3.53256E-1,
6.63332E+1,-4.25256E-1,
6.63832E+1,-3.61256E-1,
6.64332E+1,-4.25256E-1,
6.64832E+1,-3.61256E-1,
6.65333E+1,-4.33256E-1,
6.65833E+1,-3.61256E-1,
6.66333E+1,-4.25256E-1,
6.66833E+1,-3.61256E-1,
6.67334E+1,-4.33256E-1,
6.67834E+1,-3.69256E-1,
6.68334E+1,-4.33256E-1,
6.68834E+1,-3.69256E-1,
6.69335E+1,-4.41256E-1,
6.69835E+1,-3.69256E-1,
6.70335E+1,-4.41256E-1,
6.70835E+1,-3.69256E-1,
6.71336E+1,-4.41256E-1,
6.71836E+1,-3.69256E-1,
6.72336E+1,-4.41256E-1,
6.72836E+1,-3.69256E-1,
6.73337E+1,-4.57256E-1,
6.73837E+1,-3.61256E-1,
6.74337E+1,-4.33256E-1,
6.74837E+1,-3.77256E-1,
6.75338E+1,-4.49256E-1,
6.75838E+1,-3.77256E-1,
6.76338E+1,-4.49256E-1,
6.76838E+1,-3.77256E-1,
6.77339E+1,-4.49256E-1,
6.77839E+1,-3.69256E-1,
6.78339E+1,-4.49256E-1,
6.78839E+1,-3.85256E-1,
6.7934E+1,-4.49256E-1,
6.7984E+1,-3.85256E-1,
6.8034E+1,-4.57256E-1,
6.8084E+1,-3.85256E-1,
6.81341E+1,-4.57256E-1,
6.81841E+1,-3.85256E-1,
6.82341E+1,-4.57256E-1,
6.82841E+1,-3.85256E-1,
6.83342E+1,-4.65256E-1,
6.83842E+1,-3.85256E-1,
6.84342E+1,-4.57256E-1,
6.84842E+1,-3.85256E-1,
6.85343E+1,-4.57256E-1,
6.85843E+1,-3.85256E-1,
6.86343E+1,-4.57256E-1,
6.86843E+1,-3.85256E-1,
6.87344E+1,-4.57256E-1,
6.87844E+1,-3.85256E-1,
6.88344E+1,-4.65256E-1,
6.88844E+1,-3.93256E-1,
6.89345E+1,-4.65256E-1,
6.89845E+1,-3.93256E-1,
6.90345E+1,-4.65256E-1,
6.90845E+1,-3.93256E-1,
6.91346E+1,-4.65256E-1,
6.91846E+1,-3.93256E-1,
6.92346E+1,-4.73256E-1,
6.92846E+1,-3.93256E-1,
6.93347E+1,-4.73256E-1,
6.93847E+1,-3.93256E-1,
6.94347E+1,-4.73256E-1,
6.94847E+1,-2.65256E-1,
6.95348E+1,-4.73256E-1,
6.95848E+1,-4.01256E-1,
6.96348E+1,-4.73256E-1,
6.96848E+1,-4.01256E-1,
6.97349E+1,-4.81256E-1,
6.97849E+1,-4.01256E-1,
6.98349E+1,-4.81256E-1,
6.98849E+1,-3.93256E-1,
6.9935E+1,-4.81256E-1,
6.9985E+1,-4.01256E-1,
7.0035E+1,-4.89256E-1,
7.0085E+1,-4.09256E-1,
7.01351E+1,-4.81256E-1,
7.01851E+1,-4.01256E-1,
7.02351E+1,-4.89256E-1,
7.02851E+1,-4.09256E-1,
7.03352E+1,-4.89256E-1,
7.03852E+1,-4.09256E-1,
7.04352E+1,-4.89256E-1,
7.04852E+1,-4.09256E-1,
7.05353E+1,-4.89256E-1,
7.05853E+1,-2.89256E-1,
7.06353E+1,-4.81256E-1,
7.06853E+1,-3.61256E-1,
7.07354E+1,-4.81256E-1,
7.07854E+1,-4.17256E-1,
7.08354E+1,-4.89256E-1,
7.08854E+1,-4.17256E-1,
7.09355E+1,-4.89256E-1,
7.09855E+1,-4.17256E-1,
7.10355E+1,-4.89256E-1,
7.10855E+1,-4.17256E-1,
7.11356E+1,-4.89256E-1,
7.11856E+1,-4.17256E-1,
7.12356E+1,-4.97256E-1,
7.12856E+1,-4.25256E-1,
7.13357E+1,-4.97256E-1,
7.13857E+1,-4.17256E-1,
7.14357E+1,-4.97256E-1,
7.14857E+1,-4.25256E-1,
7.15358E+1,-5.05256E-1,
7.15858E+1,-4.25256E-1,
7.16358E+1,-4.89256E-1,
7.16858E+1,-4.25256E-1,
7.17359E+1,-5.05256E-1,
7.17859E+1,-4.33256E-1,
7.18359E+1,-4.97256E-1,
7.18859E+1,-4.33256E-1,
7.1936E+1,-5.05256E-1,
7.1986E+1,-4.33256E-1,
7.2036E+1,-5.13256E-1,
7.2086E+1,-4.41256E-1,
7.21361E+1,-5.13256E-1,
7.21861E+1,-4.41256E-1,
7.22361E+1,-5.21256E-1,
7.22861E+1,-4.41256E-1,
7.23362E+1,-5.13256E-1,
7.23862E+1,-4.49256E-1,
7.24362E+1,-5.13256E-1,
7.24862E+1,-3.85256E-1,
7.25363E+1,-5.21256E-1,
7.25863E+1,-4.49256E-1,
7.26363E+1,-5.21256E-1,
7.26863E+1,-4.49256E-1,
7.27364E+1,-5.13256E-1,
7.27864E+1,-4.49256E-1,
7.28364E+1,-5.21256E-1,
7.28864E+1,-4.49256E-1,
7.29365E+1,-5.21256E-1,
7.29865E+1,-4.57256E-1,
7.30365E+1,-5.21256E-1,
7.30865E+1,-4.49256E-1,
7.31366E+1,-5.21256E-1,
7.31866E+1,-4.49256E-1,
7.32366E+1,-5.21256E-1,
7.32866E+1,-4.57256E-1,
7.33367E+1,-5.21256E-1,
7.33867E+1,-4.57256E-1,
7.34367E+1,-5.21256E-1,
7.34867E+1,-4.57256E-1,
7.35368E+1,-5.21256E-1,
7.35868E+1,-4.57256E-1,
7.36368E+1,-5.29256E-1,
7.36868E+1,-4.57256E-1,
7.37369E+1,-5.21256E-1,
7.37869E+1,-4.57256E-1,
7.38369E+1,-5.37256E-1,
7.38869E+1,-3.69256E-1,
7.3937E+1,-5.29256E-1,
7.3987E+1,-4.65256E-1,
7.4037E+1,-5.37256E-1,
7.4087E+1,-4.57256E-1,
7.41371E+1,-5.29256E-1,
7.41871E+1,-4.57256E-1,
7.42371E+1,-5.37256E-1,
7.42871E+1,-4.65256E-1,
7.43372E+1,-5.37256E-1,
7.43872E+1,-4.65256E-1,
7.44372E+1,-5.37256E-1,
7.44872E+1,-4.65256E-1,
7.45373E+1,-5.37256E-1,
7.45873E+1,-4.65256E-1,
7.46373E+1,-5.45256E-1,
7.46873E+1,-4.65256E-1,
7.47374E+1,-5.37256E-1,
7.47874E+1,-4.73256E-1,
7.48374E+1,-5.37256E-1,
7.48874E+1,-4.73256E-1,
7.49375E+1,-5.45256E-1,
7.49875E+1,-4.73256E-1,
7.50375E+1,-5.37256E-1,
7.50875E+1,-4.73256E-1,
7.51376E+1,-5.37256E-1,
7.51876E+1,-4.73256E-1,
7.52376E+1,-5.45256E-1,
7.52876E+1,-4.73256E-1,
7.53377E+1,-5.37256E-1,
7.53877E+1,-4.73256E-1,
7.54377E+1,-5.53256E-1,
7.54877E+1,-4.65256E-1,
7.55378E+1,-5.45256E-1,
7.55878E+1,-4.73256E-1,
7.56378E+1,-5.45256E-1,
7.56878E+1,-4.73256E-1,
7.57379E+1,-5.45256E-1,
7.57879E+1,-4.73256E-1,
7.58379E+1,-5.29256E-1,
7.58879E+1,-4.81256E-1,
7.5938E+1,-5.45256E-1,
7.5988E+1,-4.81256E-1,
7.6038E+1,-5.53256E-1,
7.6088E+1,-4.81256E-1,
7.61381E+1,-5.53256E-1,
7.61881E+1,-4.81256E-1,
7.62381E+1,-5.53256E-1,
7.62881E+1,-4.81256E-1,
7.63382E+1,-5.53256E-1,
7.63882E+1,-4.81256E-1,
7.64382E+1,-5.53256E-1,
7.64882E+1,-4.81256E-1,
7.65383E+1,-5.53256E-1,
7.65883E+1,-4.81256E-1,
7.66383E+1,-5.53256E-1,
7.66883E+1,-4.81256E-1,
7.67384E+1,-5.53256E-1,
7.67884E+1,-3.93256E-1,
7.68384E+1,-5.53256E-1,
7.68884E+1,-4.81256E-1,
7.69385E+1,-5.53256E-1,
7.69885E+1,-4.81256E-1,
7.70385E+1,-5.53256E-1,
7.70885E+1,-4.81256E-1,
7.71386E+1,-5.53256E-1,
7.71886E+1,-4.81256E-1,
7.72386E+1,-5.45256E-1,
7.72886E+1,-4.81256E-1,
7.73387E+1,-5.53256E-1,
7.73887E+1,-4.09256E-1,
7.74387E+1,-5.53256E-1,
7.74887E+1,-3.85256E-1,
7.75388E+1,-5.53256E-1,
7.75888E+1,-4.81256E-1,
7.76388E+1,-5.53256E-1,
7.76888E+1,-4.81256E-1,
7.77389E+1,-5.53256E-1,
7.77889E+1,-4.81256E-1,
7.78389E+1,-5.53256E-1,
7.78889E+1,-3.85256E-1,
7.7939E+1,-5.53256E-1,
7.7989E+1,-4.81256E-1,
7.8039E+1,-5.53256E-1,
7.8089E+1,-4.81256E-1,
7.81391E+1,-5.53256E-1,
7.81891E+1,-4.81256E-1,
7.82391E+1,-5.53256E-1,
7.82891E+1,-4.81256E-1,
7.83392E+1,-5.53256E-1,
7.83892E+1,-4.81256E-1,
7.84392E+1,-5.53256E-1,
7.84892E+1,-4.81256E-1,
7.85393E+1,-5.53256E-1,
7.85893E+1,-4.73256E-1,
7.86393E+1,-5.53256E-1,
7.86893E+1,-4.89256E-1,
7.87394E+1,-5.53256E-1,
7.87894E+1,-4.89256E-1,
7.88394E+1,-5.53256E-1,
7.88894E+1,-4.89256E-1,
7.89395E+1,-5.53256E-1,
7.89895E+1,-4.89256E-1,
7.90395E+1,-5.53256E-1,
7.90895E+1,-4.89256E-1,
7.91396E+1,-5.53256E-1,
7.91896E+1,-4.89256E-1,
7.92396E+1,-5.53256E-1,
7.92896E+1,-4.81256E-1,
7.93397E+1,-5.53256E-1,
7.93897E+1,-4.81256E-1,
7.94397E+1,-5.45256E-1,
7.94897E+1,-4.81256E-1,
7.95398E+1,-5.45256E-1,
7.95898E+1,-4.81256E-1,
7.96398E+1,-5.45256E-1,
7.96898E+1,-4.81256E-1,
7.97399E+1,-5.45256E-1,
7.97899E+1,-4.81256E-1,
7.98399E+1,-5.53256E-1,
7.98899E+1,-4.81256E-1,
7.994E+1,-5.37256E-1,
7.999E+1,-4.81256E-1,
8.004E+1,-5.53256E-1,
8.009E+1,-4.81256E-1,
8.01401E+1,-5.45256E-1,
8.01901E+1,-4.81256E-1,
8.02401E+1,-5.45256E-1,
8.02901E+1,-4.81256E-1,
8.03402E+1,-5.45256E-1,
8.03902E+1,-4.81256E-1,
8.04402E+1,-5.53256E-1,
8.04902E+1,-4.81256E-1,
8.05403E+1,-5.53256E-1,
8.05903E+1,-4.81256E-1,
8.06403E+1,-5.53256E-1,
8.06903E+1,-4.49256E-1,
8.07404E+1,-5.53256E-1,
8.07904E+1,-4.81256E-1,
8.08404E+1,-5.53256E-1,
8.08904E+1,-4.81256E-1,
8.09405E+1,-5.45256E-1,
8.09905E+1,-4.81256E-1,
8.10405E+1,-5.53256E-1,
8.10905E+1,-3.69256E-1,
8.11406E+1,-5.45256E-1,
8.11906E+1,-3.61256E-1,
8.12406E+1,-5.45256E-1,
8.12906E+1,-4.73256E-1,
8.13407E+1,-5.45256E-1,
8.13907E+1,-4.73256E-1,
8.14407E+1,-5.45256E-1,
8.14907E+1,-4.57256E-1,
8.15408E+1,-5.37256E-1,
8.15908E+1,-4.73256E-1,
8.16408E+1,-5.37256E-1,
8.16908E+1,-4.73256E-1,
8.17409E+1,-5.45256E-1,
8.17909E+1,-4.81256E-1,
8.18409E+1,-5.45256E-1,
8.18909E+1,-4.73256E-1,
8.1941E+1,-5.45256E-1,
8.1991E+1,-4.81256E-1,
8.2041E+1,-5.37256E-1,
8.2091E+1,-4.73256E-1,
8.21411E+1,-5.45256E-1,
8.21911E+1,-4.73256E-1,
8.22411E+1,-5.37256E-1,
8.22911E+1,-4.73256E-1,
8.23412E+1,-5.45256E-1,
8.23912E+1,-4.73256E-1,
8.24412E+1,-5.37256E-1,
8.24912E+1,-4.73256E-1,
8.25413E+1,-5.37256E-1,
8.25913E+1,-4.73256E-1,
8.26413E+1,-5.45256E-1,
8.26913E+1,-4.73256E-1,
8.27414E+1,-5.37256E-1,
8.27914E+1,-4.65256E-1,
8.28414E+1,-5.37256E-1,
8.28914E+1,-4.65256E-1,
8.29415E+1,-5.37256E-1,
8.29915E+1,-4.65256E-1,
8.30415E+1,-5.37256E-1,
8.30915E+1,-4.65256E-1,
8.31416E+1,-5.29256E-1,
8.31916E+1,-4.65256E-1,
8.32416E+1,-5.29256E-1,
8.32916E+1,-4.65256E-1,
8.33417E+1,-5.37256E-1,
8.33917E+1,-4.65256E-1,
8.34417E+1,-5.29256E-1,
8.34917E+1,-4.57256E-1,
8.35418E+1,-5.29256E-1,
8.35918E+1,-4.57256E-1,
8.36418E+1,-5.29256E-1,
8.36918E+1,-4.49256E-1,
8.37419E+1,-5.21256E-1,
8.37919E+1,-4.49256E-1,
8.38419E+1,-5.21256E-1,
8.38919E+1,-4.49256E-1,
8.3942E+1,-5.21256E-1,
8.3992E+1,-4.49256E-1,
8.4042E+1,-5.21256E-1,
8.4092E+1,-4.49256E-1,
8.41421E+1,-5.21256E-1,
8.41921E+1,-4.49256E-1,
8.42421E+1,-5.21256E-1,
8.42921E+1,-4.49256E-1,
8.43422E+1,-5.21256E-1,
8.43922E+1,-4.49256E-1,
8.44422E+1,-5.21256E-1,
8.44922E+1,-4.41256E-1,
8.45423E+1,-5.21256E-1,
8.45923E+1,-4.41256E-1,
8.46423E+1,-5.13256E-1,
8.46923E+1,-4.41256E-1,
8.47424E+1,-5.13256E-1,
8.47924E+1,-4.41256E-1,
8.48424E+1,-5.13256E-1,
8.48924E+1,-4.33256E-1,
8.49425E+1,-5.05256E-1,
8.49925E+1,-4.33256E-1,
8.50425E+1,-5.05256E-1,
8.50925E+1,-4.33256E-1,
8.51426E+1,-4.97256E-1,
8.51926E+1,-4.25256E-1,
8.52426E+1,-4.97256E-1,
8.52926E+1,-4.25256E-1,
8.53427E+1,-4.97256E-1,
8.53927E+1,-4.25256E-1,
8.54427E+1,-4.97256E-1,
8.54927E+1,-3.85256E-1,
8.55428E+1,-4.97256E-1,
8.55928E+1,-4.17256E-1,
8.56428E+1,-4.89256E-1,
8.56928E+1,-3.77256E-1,
8.57429E+1,-4.97256E-1,
8.57929E+1,-4.17256E-1,
8.58429E+1,-4.89256E-1,
8.58929E+1,-4.17256E-1,
8.5943E+1,-4.89256E-1,
8.5993E+1,-4.17256E-1,
8.6043E+1,-4.97256E-1,
8.6093E+1,-4.09256E-1,
8.61431E+1,-4.89256E-1,
8.61931E+1,-4.17256E-1,
8.62431E+1,-4.81256E-1,
8.62931E+1,-4.09256E-1,
8.63432E+1,-4.81256E-1,
8.63932E+1,-4.09256E-1,
8.64432E+1,-4.81256E-1,
8.64932E+1,-2.17256E-1,
8.65433E+1,-4.89256E-1,
8.65933E+1,-4.09256E-1,
8.66433E+1,-4.73256E-1,
8.66933E+1,-4.01256E-1,
8.67434E+1,-4.73256E-1,
8.67934E+1,-4.01256E-1,
8.68434E+1,-4.73256E-1,
8.68934E+1,-4.01256E-1,
8.69435E+1,-4.73256E-1,
8.69935E+1,-4.01256E-1,
8.70435E+1,-4.65256E-1,
8.70935E+1,-3.93256E-1,
8.71436E+1,-4.65256E-1,
8.71936E+1,-3.93256E-1,
8.72436E+1,-4.57256E-1,
8.72936E+1,-3.85256E-1,
8.73437E+1,-4.57256E-1,
8.73937E+1,-3.05256E-1,
8.74437E+1,-4.57256E-1,
8.74937E+1,-2.09256E-1,
8.75438E+1,-4.49256E-1,
8.75938E+1,-3.77256E-1,
8.76438E+1,-4.49256E-1,
8.76938E+1,-3.77256E-1,
8.77439E+1,-4.49256E-1,
8.77939E+1,-3.77256E-1,
8.78439E+1,-4.41256E-1,
8.78939E+1,-3.77256E-1,
8.7944E+1,-4.33256E-1,
8.7994E+1,-3.69256E-1,
8.8044E+1,-4.33256E-1,
8.8094E+1,-3.69256E-1,
8.81441E+1,-4.25256E-1,
8.81941E+1,-3.61256E-1,
8.82441E+1,-4.33256E-1,
8.82941E+1,-3.61256E-1,
8.83442E+1,-4.25256E-1,
8.83942E+1,-2.01256E-1,
8.84442E+1,-4.33256E-1,
8.84942E+1,-3.29256E-1,
8.85443E+1,-4.33256E-1,
8.85943E+1,-2.57256E-1,
8.86443E+1,-4.25256E-1,
8.86943E+1,-2.89256E-1,
8.87444E+1,-4.17256E-1,
8.87944E+1,-3.45256E-1,
8.88444E+1,-4.25256E-1,
8.88944E+1,-3.45256E-1,
8.89445E+1,-4.17256E-1,
8.89945E+1,-3.45256E-1,
8.90445E+1,-4.09256E-1,
8.90945E+1,-3.45256E-1,
8.91446E+1,-4.17256E-1,
8.91946E+1,-3.37256E-1,
8.92446E+1,-4.09256E-1,
8.92946E+1,-3.37256E-1,
8.93447E+1,-4.09256E-1,
8.93947E+1,-3.37256E-1,
8.94447E+1,-4.01256E-1,
8.94947E+1,-3.29256E-1,
8.95448E+1,-4.01256E-1,
8.95948E+1,-3.29256E-1,
8.96448E+1,-3.93256E-1,
8.96948E+1,-3.29256E-1,
8.97449E+1,-3.93256E-1,
8.97949E+1,-3.29256E-1,
8.98449E+1,-3.93256E-1,
8.98949E+1,-3.21256E-1,
8.9945E+1,-3.93256E-1,
8.9995E+1,-3.21256E-1,
9.0045E+1,-3.93256E-1,
9.0095E+1,-3.21256E-1,
9.01451E+1,-3.93256E-1,
9.01951E+1,-3.13256E-1,
9.02451E+1,-3.85256E-1,
9.02951E+1,-2.09256E-1,
9.03452E+1,-3.85256E-1,
9.03952E+1,-2.73256E-1,
9.04452E+1,-3.85256E-1,
9.04952E+1,-3.05256E-1,
9.05453E+1,-3.77256E-1,
9.05953E+1,-2.97256E-1,
9.06453E+1,-3.77256E-1,
9.06953E+1,-2.49256E-1,
9.07454E+1,-3.77256E-1,
9.07954E+1,-3.05256E-1,
9.08454E+1,-3.85256E-1,
9.08954E+1,-3.05256E-1,
9.09455E+1,-3.77256E-1,
9.09955E+1,-2.97256E-1,
9.10455E+1,-3.69256E-1,
9.10955E+1,-2.97256E-1,
9.11456E+1,-4.09256E-1,
9.11956E+1,-2.97256E-1,
9.12456E+1,-4.01256E-1,
9.12956E+1,-3.21256E-1,
9.13457E+1,-4.01256E-1,
9.13957E+1,-3.13256E-1,
9.14457E+1,-3.53256E-1,
9.14957E+1,-2.81256E-1,
9.15458E+1,-3.53256E-1,
9.15958E+1,-2.57256E-1,
9.16458E+1,-3.61256E-1,
9.16958E+1,-2.81256E-1,
9.17459E+1,-3.45256E-1,
9.17959E+1,-2.73256E-1,
9.18459E+1,-3.45256E-1,
9.18959E+1,-2.73256E-1,
9.1946E+1,-3.45256E-1,
9.1996E+1,-2.73256E-1,
9.2046E+1,-3.45256E-1,
9.2096E+1,-2.73256E-1,
9.21461E+1,-3.45256E-1,
9.21961E+1,-2.73256E-1,
9.22461E+1,-3.45256E-1,
9.22961E+1,-2.73256E-1,
9.23462E+1,-3.37256E-1,
9.23962E+1,-2.65256E-1,
9.24462E+1,-3.37256E-1,
9.24962E+1,-2.65256E-1,
9.25463E+1,-3.21256E-1,
9.25963E+1,-2.65256E-1,
9.26463E+1,-3.45256E-1,
9.26963E+1,-2.33256E-1,
9.27464E+1,-3.37256E-1,
9.27964E+1,-2.65256E-1,
9.28464E+1,-3.45256E-1,
9.28964E+1,-2.65256E-1,
9.29465E+1,-3.37256E-1,
9.29965E+1,-2.65256E-1,
9.30465E+1,-3.37256E-1,
9.30965E+1,-2.57256E-1,
9.31466E+1,-3.37256E-1,
9.31966E+1,-2.57256E-1,
9.32466E+1,-3.29256E-1,
9.32966E+1,-2.57256E-1,
9.33467E+1,-3.37256E-1,
9.33967E+1,-2.57256E-1,
9.34467E+1,-3.29256E-1,
9.34967E+1,-2.17256E-1,
9.35468E+1,-3.29256E-1,
9.35968E+1,-2.57256E-1,
9.36468E+1,-3.21256E-1,
9.36968E+1,-1.93256E-1,
9.37469E+1,-3.29256E-1,
9.37969E+1,-2.49256E-1,
9.38469E+1,-3.13256E-1,
9.38969E+1,-2.41256E-1,
9.3947E+1,-3.21256E-1,
9.3997E+1,-2.41256E-1,
9.4047E+1,-3.13256E-1,
9.4097E+1,-2.41256E-1,
9.41471E+1,-3.05256E-1,
9.41971E+1,-2.41256E-1,
9.42471E+1,-3.13256E-1,
9.42971E+1,-2.41256E-1,
9.43472E+1,-3.13256E-1,
9.43972E+1,-2.41256E-1,
9.44472E+1,-3.13256E-1,
9.44972E+1,-2.41256E-1,
9.45473E+1,-3.05256E-1,
9.45973E+1,-1.85256E-1,
9.46473E+1,-3.05256E-1,
9.46973E+1,-2.33256E-1,
9.47474E+1,-3.13256E-1,
9.47974E+1,-1.85256E-1,
9.48474E+1,-3.05256E-1,
9.48974E+1,-2.33256E-1,
9.49475E+1,-3.05256E-1,
9.49975E+1,-2.25256E-1,
9.50475E+1,-3.05256E-1,
9.50975E+1,-2.33256E-1,
9.51476E+1,-2.97256E-1,
9.51976E+1,-2.25256E-1,
9.52476E+1,-2.97256E-1,
9.52976E+1,-2.25256E-1,
9.53477E+1,-2.97256E-1,
9.53977E+1,-2.25256E-1,
9.54477E+1,-3.05256E-1,
9.54977E+1,-1.77256E-1,
9.55478E+1,-2.97256E-1,
9.55978E+1,-1.29256E-1,
9.56478E+1,-2.89256E-1,
9.56978E+1,-2.25256E-1,
9.57479E+1,-2.97256E-1,
9.57979E+1,-1.77256E-1,
9.58479E+1,-2.97256E-1,
9.58979E+1,-2.25256E-1,
9.5948E+1,-2.89256E-1,
9.5998E+1,-2.17256E-1,
9.6048E+1,-2.97256E-1,
9.6098E+1,-2.25256E-1,
9.61481E+1,-2.89256E-1,
9.61981E+1,-2.25256E-1,
9.62481E+1,-2.97256E-1,
9.62981E+1,-2.25256E-1,
9.63482E+1,-3.05256E-1,
9.63982E+1,-2.25256E-1,
9.64482E+1,-3.05256E-1,
9.64982E+1,-2.33256E-1,
9.65483E+1,-3.05256E-1,
9.65983E+1,-2.33256E-1,
9.66483E+1,-3.05256E-1,
9.66983E+1,-2.25256E-1,
9.67484E+1,-3.05256E-1,
9.67984E+1,-2.33256E-1,
9.68484E+1,-3.05256E-1,
9.68984E+1,-2.17256E-1,
9.69485E+1,-3.13256E-1,
9.69985E+1,-2.33256E-1,
9.70485E+1,-3.05256E-1,
9.70985E+1,-2.33256E-1,
9.71486E+1,-3.05256E-1,
9.71986E+1,-2.33256E-1,
9.72486E+1,-3.05256E-1,
9.72986E+1,-2.33256E-1,
9.73487E+1,-3.13256E-1,
9.73987E+1,-2.33256E-1,
9.74487E+1,-3.05256E-1,
9.74987E+1,-2.33256E-1,
9.75488E+1,-3.05256E-1,
9.75988E+1,-2.33256E-1,
9.76488E+1,-3.13256E-1,
9.76988E+1,-2.33256E-1,
9.77489E+1,-3.05256E-1,
9.77989E+1,-2.41256E-1,
9.78489E+1,-3.13256E-1,
9.78989E+1,-2.33256E-1,
9.7949E+1,-3.13256E-1,
9.7999E+1,-1.85256E-1,
9.8049E+1,-3.13256E-1,
9.8099E+1,-2.41256E-1,
9.81491E+1,-3.13256E-1,
9.81991E+1,-2.17256E-1,
9.82491E+1,-3.13256E-1,
9.82991E+1,-2.01256E-1,
9.83492E+1,-3.13256E-1,
9.83992E+1,-2.33256E-1,
9.84492E+1,-3.13256E-1,
9.84992E+1,-2.41256E-1,
9.85493E+1,-3.13256E-1,
9.85993E+1,-2.41256E-1,
9.86493E+1,-3.13256E-1,
9.86993E+1,-2.33256E-1,
9.87494E+1,-3.21256E-1,
9.87994E+1,-2.41256E-1,
9.88494E+1,-3.53256E-1,
9.88994E+1,-2.49256E-1,
9.89495E+1,-3.29256E-1,
9.89995E+1,-2.49256E-1,
9.90495E+1,-3.21256E-1,
9.90995E+1,-2.01256E-1,
9.91496E+1,-3.21256E-1,
9.91996E+1,-2.09256E-1,
9.92496E+1,-3.29256E-1,
9.92996E+1,-2.17256E-1,
9.93497E+1,-3.21256E-1,
9.93997E+1,-2.49256E-1,
9.94497E+1,-3.37256E-1,
9.94997E+1,-2.57256E-1,
9.95498E+1,-3.29256E-1,
9.95998E+1,-2.57256E-1,
9.96498E+1,-3.29256E-1,
9.96998E+1,-2.57256E-1,
9.97499E+1,-3.45256E-1,
9.97999E+1,-2.65256E-1,
9.98499E+1,-3.45256E-1,
9.98999E+1,-2.65256E-1,
9.995E+1,-3.37256E-1,
1.00E+2,-2.65256E-1,
