Time,CH A,CH B,
0.E+0,8.5819E+0,8.573E-4,
2.50125E-6,9.3819E+0,4.0573E-3,
5.0025E-6,8.1819E+0,-7.427E-4,
7.50375E-6,9.3819E+0,2.4573E-3,
1.0005E-5,8.1819E+0,-7.427E-4,
1.25063E-5,9.3819E+0,1.6573E-3,
1.50075E-5,8.1819E+0,-7.427E-4,
1.75088E-5,8.9819E+0,2.4573E-3,
2.001E-5,7.7819E+0,8.573E-4,
2.25113E-5,8.9819E+0,3.2573E-3,
2.50125E-5,7.7819E+0,8.573E-4,
2.75138E-5,8.9819E+0,3.2573E-3,
3.0015E-5,7.7819E+0,-7.427E-4,
3.25163E-5,8.5819E+0,1.6573E-3,
3.50175E-5,7.7819E+0,-1.5427E-3,
3.75188E-5,8.5819E+0,8.573E-4,
4.002E-5,7.3819E+0,-1.5427E-3,
4.25213E-5,8.5819E+0,8.573E-4,
4.50225E-5,7.3819E+0,-7.427E-4,
4.75238E-5,8.5819E+0,2.4573E-3,
5.0025E-5,7.3819E+0,-7.427E-4,
5.25263E-5,8.1819E+0,1.6573E-3,
5.50275E-5,6.9819E+0,-2.3427E-3,
5.75288E-5,8.1819E+0,1.6573E-3,
6.003E-5,6.9819E+0,-3.1427E-3,
6.25313E-5,8.1819E+0,-7.427E-4,
6.50325E-5,6.5819E+0,-3.1427E-3,
6.75338E-5,7.7819E+0,-7.427E-4,
7.0035E-5,6.5819E+0,-3.9427E-3,
7.25363E-5,7.7819E+0,5.73E-5,
7.50375E-5,6.5819E+0,-3.1427E-3,
7.75388E-5,7.3819E+0,5.73E-5,
8.004E-5,6.1819E+0,-3.9427E-3,
8.25413E-5,7.3819E+0,-7.427E-4,
8.50425E-5,5.7819E+0,-5.5427E-3,
8.75438E-5,6.9819E+0,-1.5427E-3,
9.0045E-5,5.7819E+0,-5.5427E-3,
9.25463E-5,6.9819E+0,-2.3427E-3,
9.50475E-5,5.7819E+0,-5.5427E-3,
9.75488E-5,6.5819E+0,-2.3427E-3,
1.0005E-4,5.3819E+0,-4.7427E-3,
1.02551E-4,6.5819E+0,-1.5427E-3,
1.05053E-4,4.9819E+0,-6.3427E-3,
1.07554E-4,6.1819E+0,-2.3427E-3,
1.10055E-4,4.9819E+0,-7.9427E-3,
1.12556E-4,6.1819E+0,-3.9427E-3,
1.15058E-4,4.9819E+0,-8.7427E-3,
1.17559E-4,5.7819E+0,-5.5427E-3,
1.2006E-4,4.5819E+0,-8.7427E-3,
1.22561E-4,5.7819E+0,-5.5427E-3,
1.25063E-4,4.5819E+0,-7.1427E-3,
1.27564E-4,5.3819E+0,-4.7427E-3,
1.30065E-4,4.1819E+0,-8.7427E-3,
1.32566E-4,5.7819E+0,-4.7427E-3,
1.35068E-4,3.7819E+0,-1.03427E-2,
1.37569E-4,4.9819E+0,-6.3427E-3,
1.4007E-4,3.7819E+0,-1.19427E-2,
1.42571E-4,4.9819E+0,-8.7427E-3,
1.45073E-4,3.3819E+0,-1.19427E-2,
1.47574E-4,4.5819E+0,-9.5427E-3,
1.50075E-4,3.3819E+0,-1.11427E-2,
1.52576E-4,4.5819E+0,-8.7427E-3,
1.55078E-4,2.9819E+0,-1.11427E-2,
1.57579E-4,4.1819E+0,-7.9427E-3,
1.6008E-4,2.5819E+0,-1.35427E-2,
1.62581E-4,3.7819E+0,-1.03427E-2,
1.65083E-4,2.5819E+0,-1.51427E-2,
1.67584E-4,3.7819E+0,-1.19427E-2,
1.70085E-4,2.1819E+0,-1.51427E-2,
1.72586E-4,3.3819E+0,-1.19427E-2,
1.75088E-4,2.1819E+0,-1.51427E-2,
1.77589E-4,3.3819E+0,-1.11427E-2,
1.8009E-4,1.7819E+0,-1.35427E-2,
1.82591E-4,2.9819E+0,-1.11427E-2,
1.85093E-4,1.7819E+0,-1.51427E-2,
1.87594E-4,2.5819E+0,-1.11427E-2,
1.90095E-4,1.3819E+0,-1.67427E-2,
1.92596E-4,2.5819E+0,-1.35427E-2,
1.95098E-4,9.819E-1,-1.67427E-2,
1.97599E-4,2.1819E+0,-1.51427E-2,
2.001E-4,9.819E-1,-1.75427E-2,
2.02601E-4,1.7819E+0,-1.35427E-2,
2.05103E-4,5.819E-1,-1.59427E-2,
2.07604E-4,1.7819E+0,-1.27427E-2,
2.10105E-4,5.819E-1,-1.83427E-2,
2.12606E-4,1.3819E+0,-1.43427E-2,
2.15108E-4,1.819E-1,-1.91427E-2,
2.17609E-4,1.3819E+0,-1.59427E-2,
2.2011E-4,-2.181E-1,-1.91427E-2,
2.22611E-4,9.819E-1,-1.67427E-2,
2.25113E-4,-2.181E-1,-1.99427E-2,
2.27614E-4,5.819E-1,-1.67427E-2,
2.30115E-4,-6.181E-1,-1.83427E-2,
2.32616E-4,5.819E-1,-1.51427E-2,
2.35118E-4,-1.0181E+0,-1.91427E-2,
2.37619E-4,1.819E-1,-1.67427E-2,
2.4012E-4,-1.0181E+0,-1.99427E-2,
2.42621E-4,1.819E-1,-1.75427E-2,
2.45123E-4,-1.4181E+0,-2.07427E-2,
2.47624E-4,-2.181E-1,-1.83427E-2,
2.50125E-4,-1.4181E+0,-2.15427E-2,
2.52626E-4,-6.181E-1,-1.83427E-2,
2.55128E-4,-1.8181E+0,-1.99427E-2,
2.57629E-4,-6.181E-1,-1.67427E-2,
2.6013E-4,-1.8181E+0,-1.91427E-2,
2.62631E-4,-1.0181E+0,-1.59427E-2,
2.65133E-4,-2.2181E+0,-1.99427E-2,
2.67634E-4,-1.0181E+0,-1.75427E-2,
2.70135E-4,-2.6181E+0,-2.07427E-2,
2.72636E-4,-1.4181E+0,-1.83427E-2,
2.75138E-4,-2.6181E+0,-2.07427E-2,
2.77639E-4,-1.8181E+0,-1.83427E-2,
2.8014E-4,-3.0181E+0,-2.07427E-2,
2.82641E-4,-1.8181E+0,-1.75427E-2,
2.85143E-4,-3.4181E+0,-1.91427E-2,
2.87644E-4,-2.2181E+0,-1.67427E-2,
2.90145E-4,-3.4181E+0,-1.91427E-2,
2.92646E-4,-2.2181E+0,-1.59427E-2,
2.95148E-4,-3.8181E+0,-1.91427E-2,
2.97649E-4,-2.6181E+0,-1.75427E-2,
3.0015E-4,-4.2181E+0,-1.99427E-2,
3.02651E-4,-2.6181E+0,-1.75427E-2,
3.05153E-4,-4.2181E+0,-1.99427E-2,
3.07654E-4,-3.0181E+0,-1.59427E-2,
3.10155E-4,-4.6181E+0,-1.83427E-2,
3.12656E-4,-3.0181E+0,-1.59427E-2,
3.15158E-4,-4.6181E+0,-1.83427E-2,
3.17659E-4,-3.4181E+0,-1.43427E-2,
3.2016E-4,-4.6181E+0,-1.91427E-2,
3.22661E-4,-3.8181E+0,-1.51427E-2,
3.25163E-4,-5.0181E+0,-1.91427E-2,
3.27664E-4,-3.8181E+0,-1.59427E-2,
3.30165E-4,-5.4181E+0,-1.83427E-2,
3.32666E-4,-4.2181E+0,-1.43427E-2,
3.35168E-4,-5.4181E+0,-1.59427E-2,
3.37669E-4,-4.2181E+0,-1.27427E-2,
3.4017E-4,-5.8181E+0,-1.67427E-2,
3.42671E-4,-4.6181E+0,-1.35427E-2,
3.45173E-4,-5.8181E+0,-1.75427E-2,
3.47674E-4,-4.6181E+0,-1.35427E-2,
3.50175E-4,-6.2181E+0,-1.75427E-2,
3.52676E-4,-4.6181E+0,-1.35427E-2,
3.55178E-4,-6.2181E+0,-1.59427E-2,
3.57679E-4,-5.0181E+0,-1.27427E-2,
3.6018E-4,-6.2181E+0,-1.59427E-2,
3.62681E-4,-5.0181E+0,-1.11427E-2,
3.65183E-4,-6.6181E+0,-1.27427E-2,
3.67684E-4,-5.4181E+0,-1.03427E-2,
3.70185E-4,-6.6181E+0,-1.27427E-2,
3.72686E-4,-5.4181E+0,-1.03427E-2,
3.75188E-4,-7.0181E+0,-1.35427E-2,
3.77689E-4,-5.8181E+0,-1.11427E-2,
3.8019E-4,-7.0181E+0,-1.35427E-2,
3.82691E-4,-5.8181E+0,-1.03427E-2,
3.85193E-4,-7.0181E+0,-1.19427E-2,
3.87694E-4,-6.2181E+0,-7.9427E-3,
3.90195E-4,-7.4181E+0,-1.03427E-2,
3.92696E-4,-6.2181E+0,-7.9427E-3,
3.95198E-4,-7.4181E+0,-1.03427E-2,
3.97699E-4,-6.2181E+0,-7.1427E-3,
4.002E-4,-7.4181E+0,-1.03427E-2,
4.02701E-4,-6.6181E+0,-7.9427E-3,
4.05203E-4,-7.4181E+0,-1.03427E-2,
4.07704E-4,-6.6181E+0,-7.1427E-3,
4.10205E-4,-7.8181E+0,-8.7427E-3,
4.12706E-4,-6.6181E+0,-5.5427E-3,
4.15208E-4,-7.8181E+0,-7.1427E-3,
4.17709E-4,-7.0181E+0,-4.7427E-3,
4.2021E-4,-7.8181E+0,-6.3427E-3,
4.22711E-4,-7.0181E+0,-3.9427E-3,
4.25213E-4,-7.8181E+0,-6.3427E-3,
4.27714E-4,-7.0181E+0,-3.9427E-3,
4.30215E-4,-7.8181E+0,-7.1427E-3,
4.32716E-4,-7.0181E+0,-3.9427E-3,
4.35218E-4,-8.2181E+0,-5.5427E-3,
4.37719E-4,-7.0181E+0,-2.3427E-3,
4.4022E-4,-8.2181E+0,-3.9427E-3,
4.42721E-4,-7.0181E+0,-1.5427E-3,
4.45223E-4,-8.2181E+0,-3.1427E-3,
4.47724E-4,-7.0181E+0,5.73E-5,
4.50225E-4,-8.2181E+0,-3.1427E-3,
4.52726E-4,-7.4181E+0,-7.427E-4,
4.55228E-4,-8.2181E+0,-3.1427E-3,
4.57729E-4,-7.4181E+0,-7.427E-4,
4.6023E-4,-8.2181E+0,-4.7427E-3,
4.62731E-4,-7.4181E+0,-1.5427E-3,
4.65233E-4,-8.2181E+0,-3.1427E-3,
4.67734E-4,-7.4181E+0,8.573E-4,
4.70235E-4,-8.2181E+0,-1.5427E-3,
4.72736E-4,-7.4181E+0,8.573E-4,
4.75238E-4,-8.2181E+0,-1.5427E-3,
4.77739E-4,-7.4181E+0,1.6573E-3,
4.8024E-4,-8.2181E+0,-1.5427E-3,
4.82741E-4,-7.4181E+0,8.573E-4,
4.85243E-4,-8.6181E+0,-7.427E-4,
4.87744E-4,-7.4181E+0,1.6573E-3,
4.90245E-4,-8.2181E+0,-1.5427E-3,
4.92746E-4,-7.4181E+0,2.4573E-3,
4.95248E-4,-8.6181E+0,8.573E-4,
4.97749E-4,-7.4181E+0,3.2573E-3,
5.0025E-4,-8.6181E+0,8.573E-4,
5.02751E-4,-7.4181E+0,3.2573E-3,
5.05253E-4,-8.6181E+0,5.73E-5,
5.07754E-4,-7.4181E+0,3.2573E-3,
5.10255E-4,-8.6181E+0,5.73E-5,
5.12756E-4,-7.4181E+0,3.2573E-3,
5.15258E-4,-8.6181E+0,8.573E-4,
5.17759E-4,-7.4181E+0,4.0573E-3,
5.2026E-4,-8.6181E+0,2.4573E-3,
5.22761E-4,-7.4181E+0,4.8573E-3,
5.25263E-4,-8.2181E+0,1.6573E-3,
5.27764E-4,-7.4181E+0,4.8573E-3,
5.30265E-4,-8.6181E+0,1.6573E-3,
5.32766E-4,-7.4181E+0,4.0573E-3,
5.35268E-4,-8.6181E+0,8.573E-4,
5.37769E-4,-7.4181E+0,3.2573E-3,
5.4027E-4,-8.6181E+0,1.6573E-3,
5.42771E-4,-7.4181E+0,4.8573E-3,
5.45273E-4,-8.2181E+0,2.4573E-3,
5.47774E-4,-7.4181E+0,5.6573E-3,
5.50275E-4,-8.2181E+0,2.4573E-3,
5.52776E-4,-7.4181E+0,4.8573E-3,
5.55278E-4,-8.2181E+0,1.6573E-3,
5.57779E-4,-7.4181E+0,4.8573E-3,
5.6028E-4,-8.2181E+0,1.6573E-3,
5.62781E-4,-7.4181E+0,4.0573E-3,
5.65283E-4,-8.2181E+0,8.573E-4,
5.67784E-4,-7.4181E+0,4.8573E-3,
5.70285E-4,-8.2181E+0,2.4573E-3,
5.72786E-4,-7.0181E+0,6.4573E-3,
5.75288E-4,-8.2181E+0,3.2573E-3,
5.77789E-4,-7.0181E+0,6.4573E-3,
5.8029E-4,-7.8181E+0,2.4573E-3,
5.82791E-4,-7.0181E+0,5.6573E-3,
5.85293E-4,-7.8181E+0,1.6573E-3,
5.87794E-4,-7.0181E+0,4.0573E-3,
5.90295E-4,-7.8181E+0,1.6573E-3,
5.92796E-4,-7.0181E+0,4.0573E-3,
5.95298E-4,-7.8181E+0,1.6573E-3,
5.97799E-4,-7.0181E+0,5.6573E-3,
6.003E-4,-7.8181E+0,2.4573E-3,
6.02801E-4,-6.6181E+0,4.8573E-3,
6.05303E-4,-7.4181E+0,1.6573E-3,
6.07804E-4,-6.6181E+0,4.8573E-3,
6.10305E-4,-7.4181E+0,8.573E-4,
6.12806E-4,-6.6181E+0,3.2573E-3,
6.15308E-4,-7.4181E+0,5.73E-5,
6.17809E-4,-6.6181E+0,2.4573E-3,
6.2031E-4,-7.4181E+0,5.73E-5,
6.22811E-4,-6.2181E+0,3.2573E-3,
6.25313E-4,-7.0181E+0,8.573E-4,
6.27814E-4,-6.2181E+0,4.0573E-3,
6.30315E-4,-7.0181E+0,8.573E-4,
6.32816E-4,-5.8181E+0,3.2573E-3,
6.35318E-4,-7.0181E+0,-7.427E-4,
6.37819E-4,-5.8181E+0,2.4573E-3,
6.4032E-4,-7.0181E+0,-7.427E-4,
6.42821E-4,-5.8181E+0,1.6573E-3,
6.45323E-4,-6.6181E+0,-1.5427E-3,
6.47824E-4,-5.4181E+0,8.573E-4,
6.50325E-4,-6.2181E+0,-7.427E-4,
6.52826E-4,-5.4181E+0,1.6573E-3,
6.55328E-4,-6.2181E+0,-1.5427E-3,
6.57829E-4,-5.0181E+0,8.573E-4,
6.6033E-4,-6.2181E+0,-3.9427E-3,
6.62831E-4,-5.0181E+0,8.573E-4,
6.65333E-4,-5.8181E+0,-4.7427E-3,
6.67834E-4,-4.6181E+0,-1.5427E-3,
6.70335E-4,-5.8181E+0,-4.7427E-3,
6.72836E-4,-4.6181E+0,-2.3427E-3,
6.75338E-4,-5.4181E+0,-4.7427E-3,
6.77839E-4,-4.2181E+0,-7.427E-4,
6.8034E-4,-5.4181E+0,-3.9427E-3,
6.82841E-4,-4.2181E+0,-7.427E-4,
6.85343E-4,-5.0181E+0,-5.5427E-3,
6.87844E-4,-3.8181E+0,-2.3427E-3,
6.90345E-4,-4.6181E+0,-7.1427E-3,
6.92846E-4,-3.4181E+0,-3.9427E-3,
6.95348E-4,-4.6181E+0,-7.9427E-3,
6.97849E-4,-3.4181E+0,-4.7427E-3,
7.0035E-4,-4.6181E+0,-7.1427E-3,
7.02851E-4,-3.4181E+0,-4.7427E-3,
7.05353E-4,-4.2181E+0,-7.1427E-3,
7.07854E-4,-3.0181E+0,-4.7427E-3,
7.10355E-4,-3.8181E+0,-8.7427E-3,
7.12856E-4,-2.6181E+0,-5.5427E-3,
7.15358E-4,-3.8181E+0,-1.03427E-2,
7.17859E-4,-2.6181E+0,-6.3427E-3,
7.2036E-4,-3.4181E+0,-1.11427E-2,
7.22861E-4,-2.2181E+0,-8.7427E-3,
7.25363E-4,-3.4181E+0,-1.11427E-2,
7.27864E-4,-1.8181E+0,-7.1427E-3,
7.30365E-4,-3.0181E+0,-9.5427E-3,
7.32866E-4,-1.8181E+0,-7.1427E-3,
7.35368E-4,-2.6181E+0,-1.11427E-2,
7.37869E-4,-1.4181E+0,-7.9427E-3,
7.4037E-4,-2.2181E+0,-1.19427E-2,
7.42871E-4,-1.4181E+0,-8.7427E-3,
7.45373E-4,-2.2181E+0,-1.35427E-2,
7.47874E-4,-1.4181E+0,-1.03427E-2,
7.50375E-4,-1.8181E+0,-1.43427E-2,
7.52876E-4,-1.0181E+0,-1.11427E-2,
7.55378E-4,-1.8181E+0,-1.27427E-2,
7.57879E-4,-6.181E-1,-9.5427E-3,
7.6038E-4,-1.4181E+0,-1.27427E-2,
7.62881E-4,-2.181E-1,-1.03427E-2,
7.65383E-4,-1.4181E+0,-1.43427E-2,
7.67884E-4,-2.181E-1,-1.03427E-2,
7.70385E-4,-1.0181E+0,-1.59427E-2,
7.72886E-4,1.819E-1,-1.27427E-2,
7.75388E-4,-6.181E-1,-1.59427E-2,
7.77889E-4,1.819E-1,-1.19427E-2,
7.8039E-4,-6.181E-1,-1.51427E-2,
7.82891E-4,5.819E-1,-1.11427E-2,
7.85393E-4,-2.181E-1,-1.43427E-2,
7.87894E-4,5.819E-1,-1.11427E-2,
7.90395E-4,-2.181E-1,-1.59427E-2,
7.92896E-4,9.819E-1,-1.27427E-2,
7.95398E-4,1.819E-1,-1.83427E-2,
7.97899E-4,1.3819E+0,-1.43427E-2,
8.004E-4,5.819E-1,-1.83427E-2,
8.02901E-4,1.3819E+0,-1.59427E-2,
8.05403E-4,5.819E-1,-1.83427E-2,
8.07904E-4,1.7819E+0,-1.43427E-2,
8.10405E-4,9.819E-1,-1.59427E-2,
8.12906E-4,2.1819E+0,-1.35427E-2,
8.15408E-4,9.819E-1,-1.75427E-2,
8.17909E-4,2.1819E+0,-1.43427E-2,
8.2041E-4,1.3819E+0,-1.83427E-2,
8.22911E-4,2.5819E+0,-1.43427E-2,
8.25413E-4,1.3819E+0,-1.83427E-2,
8.27914E-4,2.9819E+0,-1.59427E-2,
8.30415E-4,1.7819E+0,-1.83427E-2,
8.32916E-4,2.9819E+0,-1.51427E-2,
8.35418E-4,2.1819E+0,-1.67427E-2,
8.37919E-4,3.3819E+0,-1.43427E-2,
8.4042E-4,2.5819E+0,-1.67427E-2,
8.42921E-4,3.3819E+0,-1.35427E-2,
8.45423E-4,2.5819E+0,-1.75427E-2,
8.47924E-4,3.7819E+0,-1.51427E-2,
8.50425E-4,2.9819E+0,-1.83427E-2,
8.52926E-4,3.7819E+0,-1.59427E-2,
8.55428E-4,2.9819E+0,-1.83427E-2,
8.57929E-4,4.1819E+0,-1.59427E-2,
8.6043E-4,3.3819E+0,-1.67427E-2,
8.62931E-4,4.5819E+0,-1.43427E-2,
8.65433E-4,3.3819E+0,-1.67427E-2,
8.67934E-4,4.5819E+0,-1.43427E-2,
8.70435E-4,3.7819E+0,-1.75427E-2,
8.72936E-4,4.5819E+0,-1.43427E-2,
8.75438E-4,4.1819E+0,-1.75427E-2,
8.77939E-4,4.9819E+0,-1.59427E-2,
8.8044E-4,4.1819E+0,-1.83427E-2,
8.82941E-4,5.3819E+0,-1.51427E-2,
8.85443E-4,4.1819E+0,-1.75427E-2,
8.87944E-4,5.3819E+0,-1.27427E-2,
8.90445E-4,4.5819E+0,-1.59427E-2,
8.92946E-4,5.7819E+0,-1.35427E-2,
8.95448E-4,4.9819E+0,-1.51427E-2,
8.97949E-4,5.7819E+0,-1.27427E-2,
9.0045E-4,4.9819E+0,-1.67427E-2,
9.02951E-4,6.1819E+0,-1.35427E-2,
9.05453E-4,4.9819E+0,-1.59427E-2,
9.07954E-4,6.1819E+0,-1.35427E-2,
9.10455E-4,5.3819E+0,-1.59427E-2,
9.12956E-4,6.5819E+0,-1.11427E-2,
9.15458E-4,5.7819E+0,-1.27427E-2,
9.17959E-4,6.9819E+0,-1.03427E-2,
9.2046E-4,5.7819E+0,-1.27427E-2,
9.22961E-4,6.9819E+0,-1.11427E-2,
9.25463E-4,6.1819E+0,-1.35427E-2,
9.27964E-4,6.9819E+0,-1.11427E-2,
9.30465E-4,6.1819E+0,-1.43427E-2,
9.32966E-4,7.3819E+0,-1.11427E-2,
9.35468E-4,6.1819E+0,-1.27427E-2,
9.37969E-4,7.3819E+0,-1.03427E-2,
9.4047E-4,6.5819E+0,-1.19427E-2,
9.42971E-4,7.7819E+0,-8.7427E-3,
9.45473E-4,6.5819E+0,-1.03427E-2,
9.47974E-4,7.7819E+0,-7.1427E-3,
9.50475E-4,6.9819E+0,-1.03427E-2,
9.52976E-4,7.7819E+0,-7.1427E-3,
9.55478E-4,6.9819E+0,-1.03427E-2,
9.57979E-4,8.1819E+0,-7.9427E-3,
9.6048E-4,6.9819E+0,-1.03427E-2,
9.62981E-4,8.1819E+0,-7.1427E-3,
9.65483E-4,7.3819E+0,-8.7427E-3,
9.67984E-4,8.5819E+0,-4.7427E-3,
9.70485E-4,7.3819E+0,-6.3427E-3,
9.72986E-4,8.5819E+0,-4.7427E-3,
9.75488E-4,7.7819E+0,-7.1427E-3,
9.77989E-4,8.5819E+0,-3.1427E-3,
9.8049E-4,7.7819E+0,-7.1427E-3,
9.82991E-4,8.5819E+0,-4.7427E-3,
9.85493E-4,7.7819E+0,-7.1427E-3,
9.87994E-4,8.9819E+0,-3.9427E-3,
9.90495E-4,8.1819E+0,-6.3427E-3,
9.92996E-4,8.9819E+0,-2.3427E-3,
9.95498E-4,8.1819E+0,-4.7427E-3,
9.97999E-4,8.9819E+0,-1.5427E-3,
1.0005E-3,8.1819E+0,-3.9427E-3,
1.003E-3,9.3819E+0,-1.5427E-3,
1.0055E-3,8.1819E+0,-3.9427E-3,
1.008E-3,9.3819E+0,-1.5427E-3,
1.01051E-3,8.1819E+0,-3.9427E-3,
1.01301E-3,9.3819E+0,-1.5427E-3,
1.01551E-3,8.1819E+0,-3.1427E-3,
1.01801E-3,9.3819E+0,8.573E-4,
1.02051E-3,8.5819E+0,-1.5427E-3,
1.02301E-3,9.3819E+0,8.573E-4,
1.02551E-3,8.5819E+0,-1.5427E-3,
1.02801E-3,9.7819E+0,1.6573E-3,
1.03052E-3,8.5819E+0,-1.5427E-3,
1.03302E-3,9.3819E+0,1.6573E-3,
1.03552E-3,8.5819E+0,-1.5427E-3,
1.03802E-3,9.7819E+0,8.573E-4,
1.04052E-3,8.5819E+0,-1.5427E-3,
1.04302E-3,9.7819E+0,1.6573E-3,
1.04552E-3,8.5819E+0,8.573E-4,
1.04802E-3,9.7819E+0,4.0573E-3,
1.05053E-3,8.5819E+0,1.6573E-3,
1.05303E-3,9.7819E+0,4.0573E-3,
1.05553E-3,8.5819E+0,8.573E-4,
1.05803E-3,9.7819E+0,4.0573E-3,
1.06053E-3,8.5819E+0,8.573E-4,
1.06303E-3,9.7819E+0,3.2573E-3,
1.06553E-3,8.5819E+0,8.573E-4,
1.06803E-3,9.7819E+0,3.2573E-3,
1.07054E-3,8.5819E+0,1.6573E-3,
1.07304E-3,9.7819E+0,5.6573E-3,
1.07554E-3,8.5819E+0,3.2573E-3,
1.07804E-3,9.7819E+0,5.6573E-3,
1.08054E-3,8.5819E+0,2.4573E-3,
1.08304E-3,9.7819E+0,5.6573E-3,
1.08554E-3,8.5819E+0,1.6573E-3,
1.08804E-3,9.7819E+0,4.8573E-3,
1.09055E-3,8.5819E+0,1.6573E-3,
1.09305E-3,9.3819E+0,4.8573E-3,
1.09555E-3,8.1819E+0,2.4573E-3,
1.09805E-3,9.3819E+0,6.4573E-3,
1.10055E-3,8.1819E+0,4.0573E-3,
1.10305E-3,9.3819E+0,6.4573E-3,
1.10555E-3,8.1819E+0,3.2573E-3,
1.10805E-3,9.3819E+0,6.4573E-3,
1.11056E-3,8.1819E+0,2.4573E-3,
1.11306E-3,9.3819E+0,5.6573E-3,
1.11556E-3,8.1819E+0,1.6573E-3,
1.11806E-3,9.3819E+0,4.0573E-3,
1.12056E-3,7.7819E+0,1.6573E-3,
1.12306E-3,8.9819E+0,5.6573E-3,
1.12556E-3,7.7819E+0,3.2573E-3,
1.12806E-3,8.9819E+0,5.6573E-3,
1.13057E-3,7.7819E+0,3.2573E-3,
1.13307E-3,8.5819E+0,5.6573E-3,
1.13557E-3,7.3819E+0,1.6573E-3,
1.13807E-3,8.5819E+0,4.8573E-3,
1.14057E-3,7.3819E+0,8.573E-4,
1.14307E-3,8.5819E+0,4.0573E-3,
1.14557E-3,6.9819E+0,5.73E-5,
1.14807E-3,8.1819E+0,3.2573E-3,
1.15058E-3,6.9819E+0,1.6573E-3,
1.15308E-3,8.1819E+0,4.0573E-3,
1.15558E-3,6.9819E+0,8.573E-4,
1.15808E-3,7.7819E+0,4.0573E-3,
1.16058E-3,6.5819E+0,-7.427E-4,
1.16308E-3,7.7819E+0,3.2573E-3,
1.16558E-3,6.5819E+0,-1.5427E-3,
1.16808E-3,7.3819E+0,8.573E-4,
1.17059E-3,6.1819E+0,-1.5427E-3,
1.17309E-3,7.3819E+0,8.573E-4,
1.17559E-3,6.1819E+0,-2.3427E-3,
1.17809E-3,7.3819E+0,2.4573E-3,
1.18059E-3,5.7819E+0,-1.5427E-3,
1.18309E-3,6.9819E+0,1.6573E-3,
1.18559E-3,5.7819E+0,-3.1427E-3,
1.18809E-3,6.5819E+0,5.73E-5,
1.1906E-3,5.3819E+0,-4.7427E-3,
1.1931E-3,6.5819E+0,-1.5427E-3,
1.1956E-3,5.3819E+0,-4.7427E-3,
1.1981E-3,6.5819E+0,-1.5427E-3,
1.2006E-3,4.9819E+0,-4.7427E-3,
1.2031E-3,6.1819E+0,-1.5427E-3,
1.2056E-3,4.9819E+0,-4.7427E-3,
1.2081E-3,5.7819E+0,-1.5427E-3,
1.21061E-3,4.5819E+0,-5.5427E-3,
1.21311E-3,5.7819E+0,-2.3427E-3,
1.21561E-3,4.5819E+0,-7.1427E-3,
1.21811E-3,5.7819E+0,-3.9427E-3,
1.22061E-3,4.5819E+0,-7.1427E-3,
1.22311E-3,5.3819E+0,-4.7427E-3,
1.22561E-3,4.1819E+0,-7.1427E-3,
1.22811E-3,4.9819E+0,-4.7427E-3,
1.23062E-3,4.1819E+0,-7.1427E-3,
1.23312E-3,4.9819E+0,-4.7427E-3,
1.23562E-3,3.7819E+0,-8.7427E-3,
1.23812E-3,4.5819E+0,-4.7427E-3,
1.24062E-3,3.3819E+0,-1.03427E-2,
1.24312E-3,4.5819E+0,-7.1427E-3,
1.24562E-3,3.3819E+0,-1.19427E-2,
1.24812E-3,4.1819E+0,-8.7427E-3,
1.25063E-3,2.9819E+0,-1.11427E-2,
1.25313E-3,4.1819E+0,-8.7427E-3,
1.25563E-3,2.5819E+0,-1.03427E-2,
1.25813E-3,3.7819E+0,-7.9427E-3,
1.26063E-3,2.5819E+0,-1.11427E-2,
1.26313E-3,3.3819E+0,-8.7427E-3,
1.26563E-3,2.1819E+0,-1.27427E-2,
1.26813E-3,3.3819E+0,-9.5427E-3,
1.27064E-3,1.7819E+0,-1.43427E-2,
1.27314E-3,2.9819E+0,-1.11427E-2,
1.27564E-3,1.7819E+0,-1.43427E-2,
1.27814E-3,2.9819E+0,-1.19427E-2,
1.28064E-3,1.7819E+0,-1.51427E-2,
1.28314E-3,2.9819E+0,-1.19427E-2,
1.28564E-3,9.819E-1,-1.51427E-2,
1.28814E-3,2.1819E+0,-1.19427E-2,
1.29065E-3,9.819E-1,-1.59427E-2,
1.29315E-3,2.1819E+0,-1.27427E-2,
1.29565E-3,9.819E-1,-1.67427E-2,
1.29815E-3,1.7819E+0,-1.35427E-2,
1.30065E-3,5.819E-1,-1.75427E-2,
1.30315E-3,1.7819E+0,-1.43427E-2,
1.30565E-3,1.819E-1,-1.75427E-2,
1.30815E-3,1.3819E+0,-1.27427E-2,
1.31066E-3,1.819E-1,-1.59427E-2,
1.31316E-3,9.819E-1,-1.35427E-2,
1.31566E-3,-2.181E-1,-1.67427E-2,
1.31816E-3,9.819E-1,-1.35427E-2,
1.32066E-3,-6.181E-1,-1.99427E-2,
1.32316E-3,5.819E-1,-1.51427E-2,
1.32566E-3,-6.181E-1,-1.91427E-2,
1.32816E-3,1.819E-1,-1.75427E-2,
1.33067E-3,-1.0181E+0,-1.99427E-2,
1.33317E-3,1.819E-1,-1.59427E-2,
1.33567E-3,-1.0181E+0,-1.83427E-2,
1.33817E-3,-2.181E-1,-1.59427E-2,
1.34067E-3,-1.4181E+0,-1.91427E-2,
1.34317E-3,-2.181E-1,-1.59427E-2,
1.34567E-3,-1.8181E+0,-1.99427E-2,
1.34817E-3,-2.181E-1,-1.67427E-2,
1.35068E-3,-1.8181E+0,-1.99427E-2,
1.35318E-3,-6.181E-1,-1.75427E-2,
1.35568E-3,-2.2181E+0,-2.07427E-2,
1.35818E-3,-1.0181E+0,-1.75427E-2,
1.36068E-3,-2.2181E+0,-2.07427E-2,
1.36318E-3,-1.4181E+0,-1.67427E-2,
1.36568E-3,-2.6181E+0,-1.91427E-2,
1.36818E-3,-1.4181E+0,-1.67427E-2,
1.37069E-3,-2.6181E+0,-1.99427E-2,
1.37319E-3,-1.8181E+0,-1.67427E-2,
1.37569E-3,-3.0181E+0,-2.07427E-2,
1.37819E-3,-1.8181E+0,-1.83427E-2,
1.38069E-3,-3.0181E+0,-2.07427E-2,
1.38319E-3,-2.2181E+0,-1.83427E-2,
1.38569E-3,-3.4181E+0,-2.07427E-2,
1.38819E-3,-2.2181E+0,-1.67427E-2,
1.3907E-3,-3.8181E+0,-1.99427E-2,
1.3932E-3,-2.6181E+0,-1.67427E-2,
1.3957E-3,-3.8181E+0,-1.99427E-2,
1.3982E-3,-3.0181E+0,-1.75427E-2,
1.4007E-3,-4.2181E+0,-1.99427E-2,
1.4032E-3,-3.0181E+0,-1.67427E-2,
1.4057E-3,-4.6181E+0,-1.99427E-2,
1.4082E-3,-3.4181E+0,-1.75427E-2,
1.41071E-3,-4.6181E+0,-1.91427E-2,
1.41321E-3,-3.4181E+0,-1.59427E-2,
1.41571E-3,-5.0181E+0,-1.83427E-2,
1.41821E-3,-3.8181E+0,-1.59427E-2,
1.42071E-3,-5.0181E+0,-1.83427E-2,
1.42321E-3,-3.8181E+0,-1.51427E-2,
1.42571E-3,-5.4181E+0,-1.83427E-2,
1.42821E-3,-4.2181E+0,-1.59427E-2,
1.43072E-3,-5.4181E+0,-1.83427E-2,
1.43322E-3,-4.2181E+0,-1.59427E-2,
1.43572E-3,-5.8181E+0,-1.83427E-2,
1.43822E-3,-4.6181E+0,-1.43427E-2,
1.44072E-3,-5.8181E+0,-1.59427E-2,
1.44322E-3,-4.6181E+0,-1.35427E-2,
1.44572E-3,-6.2181E+0,-1.59427E-2,
1.44822E-3,-5.0181E+0,-1.35427E-2,
1.45073E-3,-6.2181E+0,-1.59427E-2,
1.45323E-3,-5.0181E+0,-1.27427E-2,
1.45573E-3,-6.6181E+0,-1.59427E-2,
1.45823E-3,-5.4181E+0,-1.27427E-2,
1.46073E-3,-6.6181E+0,-1.51427E-2,
1.46323E-3,-5.4181E+0,-1.19427E-2,
1.46573E-3,-6.6181E+0,-1.35427E-2,
1.46823E-3,-5.8181E+0,-1.03427E-2,
1.47074E-3,-7.0181E+0,-1.27427E-2,
1.47324E-3,-5.8181E+0,-1.03427E-2,
1.47574E-3,-7.0181E+0,-1.27427E-2,
1.47824E-3,-5.8181E+0,-1.03427E-2,
1.48074E-3,-7.0181E+0,-1.35427E-2,
1.48324E-3,-6.2181E+0,-1.03427E-2,
1.48574E-3,-7.4181E+0,-1.19427E-2,
1.48824E-3,-6.2181E+0,-9.5427E-3,
1.49075E-3,-7.4181E+0,-1.11427E-2,
1.49325E-3,-6.2181E+0,-7.1427E-3,
1.49575E-3,-7.4181E+0,-1.03427E-2,
1.49825E-3,-6.6181E+0,-7.1427E-3,
1.50075E-3,-7.4181E+0,-1.03427E-2,
1.50325E-3,-6.6181E+0,-7.1427E-3,
1.50575E-3,-7.8181E+0,-1.03427E-2,
1.50825E-3,-6.6181E+0,-7.9427E-3,
1.51076E-3,-7.8181E+0,-1.03427E-2,
1.51326E-3,-6.6181E+0,-7.1427E-3,
1.51576E-3,-7.8181E+0,-9.5427E-3,
1.51826E-3,-7.0181E+0,-4.7427E-3,
1.52076E-3,-7.8181E+0,-7.1427E-3,
1.52326E-3,-7.0181E+0,-4.7427E-3,
1.52576E-3,-8.2181E+0,-7.1427E-3,
1.52826E-3,-7.0181E+0,-4.7427E-3,
1.53077E-3,-8.2181E+0,-7.9427E-3,
1.53327E-3,-7.0181E+0,-5.5427E-3,
1.53577E-3,-8.2181E+0,-7.9427E-3,
1.53827E-3,-7.0181E+0,-5.5427E-3,
1.54077E-3,-8.2181E+0,-7.1427E-3,
1.54327E-3,-7.4181E+0,-3.9427E-3,
1.54577E-3,-8.2181E+0,-5.5427E-3,
1.54827E-3,-7.4181E+0,-1.5427E-3,
1.55078E-3,-8.2181E+0,-3.9427E-3,
1.55328E-3,-7.0181E+0,-1.5427E-3,
1.55578E-3,-8.2181E+0,-4.7427E-3,
1.55828E-3,-7.4181E+0,-2.3427E-3,
1.56078E-3,-8.2181E+0,-5.5427E-3,
1.56328E-3,-7.4181E+0,-2.3427E-3,
1.56578E-3,-8.2181E+0,-3.9427E-3,
1.56828E-3,-7.4181E+0,-1.5427E-3,
1.57079E-3,-8.6181E+0,-3.1427E-3,
1.57329E-3,-7.4181E+0,-7.427E-4,
1.57579E-3,-8.2181E+0,-3.1427E-3,
1.57829E-3,-7.4181E+0,-7.427E-4,
1.58079E-3,-8.6181E+0,-3.1427E-3,
1.58329E-3,-7.4181E+0,-7.427E-4,
1.58579E-3,-8.6181E+0,-3.9427E-3,
1.58829E-3,-7.4181E+0,-1.5427E-3,
1.5908E-3,-8.6181E+0,-3.9427E-3,
1.5933E-3,-7.4181E+0,-7.427E-4,
1.5958E-3,-8.6181E+0,-2.3427E-3,
1.5983E-3,-7.4181E+0,1.6573E-3,
1.6008E-3,-8.6181E+0,-7.427E-4,
1.6033E-3,-7.8181E+0,1.6573E-3,
1.6058E-3,-8.6181E+0,-1.5427E-3,
1.6083E-3,-7.4181E+0,8.573E-4,
1.61081E-3,-8.6181E+0,-2.3427E-3,
1.61331E-3,-7.4181E+0,5.73E-5,
1.61581E-3,-8.2181E+0,-2.3427E-3,
1.61831E-3,-7.4181E+0,5.73E-5,
1.62081E-3,-8.6181E+0,-2.3427E-3,
1.62331E-3,-7.4181E+0,1.6573E-3,
1.62581E-3,-8.6181E+0,-7.427E-4,
1.62831E-3,-7.4181E+0,1.6573E-3,
1.63082E-3,-8.2181E+0,-7.427E-4,
1.63332E-3,-7.4181E+0,1.6573E-3,
1.63582E-3,-8.2181E+0,-1.5427E-3,
1.63832E-3,-7.4181E+0,1.6573E-3,
1.64082E-3,-8.2181E+0,-1.5427E-3,
1.64332E-3,-7.4181E+0,1.6573E-3,
1.64582E-3,-8.6181E+0,-7.427E-4,
1.64832E-3,-7.4181E+0,1.6573E-3,
1.65083E-3,-8.2181E+0,5.73E-5,
1.65333E-3,-7.4181E+0,2.4573E-3,
1.65583E-3,-8.2181E+0,5.73E-5,
1.65833E-3,-7.4181E+0,2.4573E-3,
1.66083E-3,-8.2181E+0,-7.427E-4,
1.66333E-3,-7.0181E+0,2.4573E-3,
1.66583E-3,-8.2181E+0,-1.5427E-3,
1.66833E-3,-7.4181E+0,8.573E-4,
1.67084E-3,-8.2181E+0,-1.5427E-3,
1.67334E-3,-7.0181E+0,8.573E-4,
1.67584E-3,-7.8181E+0,-7.427E-4,
1.67834E-3,-7.0181E+0,1.6573E-3,
1.68084E-3,-7.8181E+0,5.73E-5,
1.68334E-3,-7.0181E+0,2.4573E-3,
1.68584E-3,-7.8181E+0,-1.5427E-3,
1.68834E-3,-6.6181E+0,1.6573E-3,
1.69085E-3,-7.8181E+0,-2.3427E-3,
1.69335E-3,-7.0181E+0,8.573E-4,
1.69585E-3,-7.8181E+0,-2.3427E-3,
1.69835E-3,-6.6181E+0,5.73E-5,
1.70085E-3,-7.8181E+0,-3.1427E-3,
1.70335E-3,-6.6181E+0,8.573E-4,
1.70585E-3,-7.4181E+0,-1.5427E-3,
1.70835E-3,-6.6181E+0,8.573E-4,
1.71086E-3,-7.4181E+0,-1.5427E-3,
1.71336E-3,-6.2181E+0,8.573E-4,
1.71586E-3,-7.4181E+0,-3.9427E-3,
1.71836E-3,-6.2181E+0,-7.427E-4,
1.72086E-3,-7.0181E+0,-4.7427E-3,
1.72336E-3,-6.2181E+0,-1.5427E-3,
1.72586E-3,-7.0181E+0,-5.5427E-3,
1.72836E-3,-5.8181E+0,-1.5427E-3,
1.73087E-3,-7.0181E+0,-4.7427E-3,
1.73337E-3,-5.4181E+0,-7.427E-4,
1.73587E-3,-6.6181E+0,-4.7427E-3,
1.73837E-3,-5.8181E+0,-2.3427E-3,
1.74087E-3,-6.6181E+0,-6.3427E-3,
1.74337E-3,-5.4181E+0,-3.1427E-3,
1.74587E-3,-6.2181E+0,-7.1427E-3,
1.74837E-3,-5.4181E+0,-5.5427E-3,
1.75088E-3,-6.2181E+0,-7.1427E-3,
1.75338E-3,-5.0181E+0,-4.7427E-3,
1.75588E-3,-5.8181E+0,-6.3427E-3,
1.75838E-3,-5.0181E+0,-3.1427E-3,
1.76088E-3,-5.8181E+0,-6.3427E-3,
1.76338E-3,-4.6181E+0,-3.1427E-3,
1.76588E-3,-5.4181E+0,-8.7427E-3,
1.76838E-3,-4.6181E+0,-4.7427E-3,
1.77089E-3,-5.4181E+0,-1.03427E-2,
1.77339E-3,-4.2181E+0,-7.9427E-3,
1.77589E-3,-5.0181E+0,-1.03427E-2,
1.77839E-3,-4.2181E+0,-7.1427E-3,
1.78089E-3,-5.0181E+0,-9.5427E-3,
1.78339E-3,-3.8181E+0,-6.3427E-3,
1.78589E-3,-4.6181E+0,-9.5427E-3,
1.78839E-3,-3.4181E+0,-7.1427E-3,
1.7909E-3,-4.6181E+0,-1.11427E-2,
1.7934E-3,-3.4181E+0,-7.9427E-3,
1.7959E-3,-4.2181E+0,-1.35427E-2,
1.7984E-3,-3.0181E+0,-9.5427E-3,
1.8009E-3,-3.8181E+0,-1.35427E-2,
1.8034E-3,-3.0181E+0,-1.19427E-2,
1.8059E-3,-3.8181E+0,-1.35427E-2,
1.8084E-3,-2.6181E+0,-1.11427E-2,
1.81091E-3,-3.4181E+0,-1.27427E-2,
1.81341E-3,-2.6181E+0,-1.03427E-2,
1.81591E-3,-3.4181E+0,-1.43427E-2,
1.81841E-3,-2.2181E+0,-1.11427E-2,
1.82091E-3,-3.0181E+0,-1.51427E-2,
1.82341E-3,-1.8181E+0,-1.27427E-2,
1.82591E-3,-2.6181E+0,-1.67427E-2,
1.82841E-3,-1.8181E+0,-1.35427E-2,
1.83092E-3,-2.6181E+0,-1.67427E-2,
1.83342E-3,-1.4181E+0,-1.35427E-2,
1.83592E-3,-2.2181E+0,-1.59427E-2,
1.83842E-3,-1.4181E+0,-1.35427E-2,
1.84092E-3,-2.2181E+0,-1.67427E-2,
1.84342E-3,-1.0181E+0,-1.35427E-2,
1.84592E-3,-1.8181E+0,-1.91427E-2,
1.84842E-3,-1.0181E+0,-1.59427E-2,
1.85093E-3,-1.8181E+0,-1.91427E-2,
1.85343E-3,-6.181E-1,-1.67427E-2,
1.85593E-3,-1.4181E+0,-2.07427E-2,
1.85843E-3,-6.181E-1,-1.75427E-2,
1.86093E-3,-1.4181E+0,-1.91427E-2,
1.86343E-3,-2.181E-1,-1.59427E-2,
1.86593E-3,-1.0181E+0,-1.99427E-2,
1.86843E-3,1.819E-1,-1.75427E-2,
1.87094E-3,-6.181E-1,-2.07427E-2,
1.87344E-3,1.819E-1,-1.75427E-2,
1.87594E-3,-2.181E-1,-2.23427E-2,
1.87844E-3,5.819E-1,-1.99427E-2,
1.88094E-3,-2.181E-1,-2.31427E-2,
1.88344E-3,9.819E-1,-1.99427E-2,
1.88594E-3,1.819E-1,-2.31427E-2,
1.88844E-3,9.819E-1,-1.83427E-2,
1.89095E-3,1.819E-1,-2.15427E-2,
1.89345E-3,1.3819E+0,-1.91427E-2,
1.89595E-3,5.819E-1,-2.15427E-2,
1.89845E-3,1.3819E+0,-1.91427E-2,
1.90095E-3,5.819E-1,-2.39427E-2,
1.90345E-3,1.7819E+0,-1.99427E-2,
1.90595E-3,9.819E-1,-2.39427E-2,
1.90845E-3,2.1819E+0,-2.07427E-2,
1.91096E-3,9.819E-1,-2.39427E-2,
1.91346E-3,2.1819E+0,-2.07427E-2,
1.91596E-3,1.3819E+0,-2.23427E-2,
1.91846E-3,2.5819E+0,-2.07427E-2,
1.92096E-3,1.7819E+0,-2.39427E-2,
1.92346E-3,2.5819E+0,-2.07427E-2,
1.92596E-3,1.7819E+0,-2.39427E-2,
1.92846E-3,2.9819E+0,-2.15427E-2,
1.93097E-3,2.1819E+0,-2.47427E-2,
1.93347E-3,3.3819E+0,-2.23427E-2,
1.93597E-3,2.1819E+0,-2.47427E-2,
1.93847E-3,3.3819E+0,-2.15427E-2,
1.94097E-3,2.1819E+0,-2.31427E-2,
1.94347E-3,3.7819E+0,-1.99427E-2,
1.94597E-3,2.9819E+0,-2.39427E-2,
1.94847E-3,4.1819E+0,-2.07427E-2,
1.95098E-3,2.9819E+0,-2.39427E-2,
1.95348E-3,4.1819E+0,-2.15427E-2,
1.95598E-3,3.3819E+0,-2.39427E-2,
1.95848E-3,4.5819E+0,-2.15427E-2,
1.96098E-3,3.7819E+0,-2.39427E-2,
1.96348E-3,4.5819E+0,-2.15427E-2,
1.96598E-3,3.7819E+0,-2.31427E-2,
1.96848E-3,4.9819E+0,-1.99427E-2,
1.97099E-3,3.7819E+0,-2.23427E-2,
1.97349E-3,4.9819E+0,-1.99427E-2,
1.97599E-3,4.1819E+0,-2.31427E-2,
1.97849E-3,5.3819E+0,-1.99427E-2,
1.98099E-3,4.5819E+0,-2.31427E-2,
1.98349E-3,5.7819E+0,-2.07427E-2,
1.98599E-3,4.5819E+0,-2.31427E-2,
1.98849E-3,5.7819E+0,-1.99427E-2,
1.991E-3,4.9819E+0,-2.23427E-2,
1.9935E-3,6.1819E+0,-1.83427E-2,
1.996E-3,4.9819E+0,-2.15427E-2,
1.9985E-3,6.1819E+0,-1.83427E-2,
2.001E-3,5.3819E+0,-2.15427E-2,
2.0035E-3,6.5819E+0,-1.83427E-2,
2.006E-3,5.3819E+0,-2.15427E-2,
2.0085E-3,6.5819E+0,-1.91427E-2,
2.01101E-3,5.7819E+0,-2.15427E-2,
2.01351E-3,6.5819E+0,-1.91427E-2,
2.01601E-3,5.7819E+0,-2.07427E-2,
2.01851E-3,6.9819E+0,-1.67427E-2,
2.02101E-3,6.1819E+0,-1.91427E-2,
2.02351E-3,6.9819E+0,-1.59427E-2,
2.02601E-3,6.1819E+0,-1.83427E-2,
2.02851E-3,7.3819E+0,-1.59427E-2,
2.03102E-3,6.1819E+0,-1.91427E-2,
2.03352E-3,7.3819E+0,-1.59427E-2,
2.03602E-3,6.1819E+0,-1.91427E-2,
2.03852E-3,7.7819E+0,-1.59427E-2,
2.04102E-3,6.9819E+0,-1.83427E-2,
2.04352E-3,8.1819E+0,-1.43427E-2,
2.04602E-3,6.9819E+0,-1.67427E-2,
2.04852E-3,8.1819E+0,-1.27427E-2,
2.05103E-3,6.9819E+0,-1.59427E-2,
2.05353E-3,8.1819E+0,-1.35427E-2,
2.05603E-3,7.3819E+0,-1.67427E-2,
2.05853E-3,8.1819E+0,-1.35427E-2,
2.06103E-3,7.3819E+0,-1.67427E-2,
2.06353E-3,8.5819E+0,-1.35427E-2,
2.06603E-3,7.3819E+0,-1.59427E-2,
2.06853E-3,8.5819E+0,-1.19427E-2,
2.07104E-3,7.7819E+0,-1.35427E-2,
2.07354E-3,8.5819E+0,-1.03427E-2,
2.07604E-3,7.7819E+0,-1.27427E-2,
2.07854E-3,8.9819E+0,-9.5427E-3,
2.08104E-3,7.7819E+0,-1.19427E-2,
2.08354E-3,8.9819E+0,-9.5427E-3,
2.08604E-3,8.1819E+0,-1.27427E-2,
2.08854E-3,8.9819E+0,-1.03427E-2,
2.09105E-3,8.1819E+0,-1.27427E-2,
2.09355E-3,9.3819E+0,-9.5427E-3,
2.09605E-3,8.1819E+0,-1.11427E-2,
2.09855E-3,9.3819E+0,-7.9427E-3,
2.10105E-3,8.1819E+0,-1.03427E-2,
2.10355E-3,9.3819E+0,-7.9427E-3,
2.10605E-3,8.1819E+0,-9.5427E-3,
2.10855E-3,9.3819E+0,-7.1427E-3,
2.11106E-3,8.5819E+0,-1.03427E-2,
2.11356E-3,9.3819E+0,-7.1427E-3,
2.11606E-3,8.5819E+0,-9.5427E-3,
2.11856E-3,9.3819E+0,-7.1427E-3,
2.12106E-3,8.5819E+0,-9.5427E-3,
2.12356E-3,9.3819E+0,-4.7427E-3,
2.12606E-3,8.5819E+0,-7.9427E-3,
2.12856E-3,9.7819E+0,-5.5427E-3,
2.13107E-3,8.5819E+0,-7.9427E-3,
2.13357E-3,9.7819E+0,-4.7427E-3,
2.13607E-3,8.5819E+0,-7.9427E-3,
2.13857E-3,9.7819E+0,-5.5427E-3,
2.14107E-3,8.5819E+0,-7.1427E-3,
2.14357E-3,9.7819E+0,-4.7427E-3,
2.14607E-3,8.5819E+0,-7.1427E-3,
2.14857E-3,9.7819E+0,-3.1427E-3,
2.15108E-3,8.5819E+0,-5.5427E-3,
2.15358E-3,9.7819E+0,-3.1427E-3,
2.15608E-3,8.5819E+0,-5.5427E-3,
2.15858E-3,9.7819E+0,-2.3427E-3,
2.16108E-3,8.5819E+0,-6.3427E-3,
2.16358E-3,9.7819E+0,-2.3427E-3,
2.16608E-3,8.5819E+0,-6.3427E-3,
2.16858E-3,9.7819E+0,-3.1427E-3,
2.17109E-3,8.5819E+0,-5.5427E-3,
2.17359E-3,9.7819E+0,-2.3427E-3,
2.17609E-3,8.5819E+0,-5.5427E-3,
2.17859E-3,9.7819E+0,-1.5427E-3,
2.18109E-3,8.5819E+0,-4.7427E-3,
2.18359E-3,9.3819E+0,-1.5427E-3,
2.18609E-3,8.5819E+0,-4.7427E-3,
2.18859E-3,9.3819E+0,-1.5427E-3,
2.1911E-3,8.1819E+0,-6.3427E-3,
2.1936E-3,9.3819E+0,-2.3427E-3,
2.1961E-3,8.1819E+0,-5.5427E-3,
2.1986E-3,9.3819E+0,-2.3427E-3,
2.2011E-3,8.1819E+0,-5.5427E-3,
2.2036E-3,8.9819E+0,-1.5427E-3,
2.2061E-3,8.1819E+0,-3.9427E-3,
2.2086E-3,8.9819E+0,-1.5427E-3,
2.21111E-3,7.7819E+0,-4.7427E-3,
2.21361E-3,8.9819E+0,-1.5427E-3,
2.21611E-3,7.7819E+0,-5.5427E-3,
2.21861E-3,8.9819E+0,-3.1427E-3,
2.22111E-3,7.7819E+0,-6.3427E-3,
2.22361E-3,8.5819E+0,-3.1427E-3,
2.22611E-3,7.3819E+0,-5.5427E-3,
2.22861E-3,8.5819E+0,-3.1427E-3,
2.23112E-3,7.3819E+0,-5.5427E-3,
2.23362E-3,8.5819E+0,-2.3427E-3,
2.23612E-3,7.3819E+0,-5.5427E-3,
2.23862E-3,8.1819E+0,-3.1427E-3,
2.24112E-3,6.9819E+0,-6.3427E-3,
2.24362E-3,8.1819E+0,-3.9427E-3,
2.24612E-3,6.9819E+0,-7.1427E-3,
2.24862E-3,8.1819E+0,-4.7427E-3,
2.25113E-3,6.9819E+0,-7.9427E-3,
2.25363E-3,7.7819E+0,-5.5427E-3,
2.25613E-3,6.5819E+0,-7.1427E-3,
2.25863E-3,7.7819E+0,-4.7427E-3,
2.26113E-3,6.5819E+0,-7.9427E-3,
2.26363E-3,7.3819E+0,-5.5427E-3,
2.26613E-3,6.1819E+0,-1.03427E-2,
2.26863E-3,7.3819E+0,-6.3427E-3,
2.27114E-3,6.1819E+0,-1.11427E-2,
2.27364E-3,6.9819E+0,-7.9427E-3,
2.27614E-3,5.7819E+0,-1.11427E-2,
2.27864E-3,6.9819E+0,-8.7427E-3,
2.28114E-3,5.7819E+0,-1.03427E-2,
2.28364E-3,6.9819E+0,-7.1427E-3,
2.28614E-3,5.3819E+0,-1.19427E-2,
2.28864E-3,6.5819E+0,-7.9427E-3,
2.29115E-3,5.3819E+0,-1.19427E-2,
2.29365E-3,6.1819E+0,-8.7427E-3,
2.29615E-3,4.9819E+0,-1.27427E-2,
2.29865E-3,6.1819E+0,-1.03427E-2,
2.30115E-3,4.9819E+0,-1.35427E-2,
2.30365E-3,5.7819E+0,-1.11427E-2,
2.30615E-3,4.5819E+0,-1.43427E-2,
2.30865E-3,5.7819E+0,-1.11427E-2,
2.31116E-3,4.5819E+0,-1.35427E-2,
2.31366E-3,5.3819E+0,-1.11427E-2,
2.31616E-3,4.1819E+0,-1.43427E-2,
2.31866E-3,5.3819E+0,-1.19427E-2,
2.32116E-3,4.1819E+0,-1.67427E-2,
2.32366E-3,4.9819E+0,-1.27427E-2,
2.32616E-3,3.7819E+0,-1.67427E-2,
2.32866E-3,4.9819E+0,-1.35427E-2,
2.33117E-3,3.3819E+0,-1.67427E-2,
2.33367E-3,4.5819E+0,-1.43427E-2,
2.33617E-3,3.3819E+0,-1.59427E-2,
2.33867E-3,4.5819E+0,-1.35427E-2,
2.34117E-3,2.9819E+0,-1.83427E-2,
2.34367E-3,4.1819E+0,-1.43427E-2,
2.34617E-3,2.9819E+0,-1.91427E-2,
2.34867E-3,4.1819E+0,-1.67427E-2,
2.35118E-3,2.5819E+0,-2.07427E-2,
2.35368E-3,3.7819E+0,-1.83427E-2,
2.35618E-3,2.5819E+0,-2.07427E-2,
2.35868E-3,3.7819E+0,-1.83427E-2,
2.36118E-3,2.1819E+0,-1.99427E-2,
2.36368E-3,3.3819E+0,-1.75427E-2,
2.36618E-3,1.7819E+0,-2.07427E-2,
2.36868E-3,2.9819E+0,-1.83427E-2,
2.37119E-3,1.7819E+0,-2.31427E-2,
2.37369E-3,2.5819E+0,-1.91427E-2,
2.37619E-3,1.3819E+0,-2.39427E-2,
2.37869E-3,2.5819E+0,-2.07427E-2,
2.38119E-3,9.819E-1,-2.39427E-2,
2.38369E-3,2.5819E+0,-2.07427E-2,
2.38619E-3,9.819E-1,-2.23427E-2,
2.38869E-3,2.1819E+0,-1.99427E-2,
2.3912E-3,5.819E-1,-2.31427E-2,
2.3937E-3,1.7819E+0,-1.99427E-2,
2.3962E-3,5.819E-1,-2.47427E-2,
2.3987E-3,1.3819E+0,-2.07427E-2,
2.4012E-3,1.819E-1,-2.55427E-2,
2.4037E-3,1.3819E+0,-2.31427E-2,
2.4062E-3,-2.181E-1,-2.55427E-2,
2.4087E-3,9.819E-1,-2.31427E-2,
2.41121E-3,-6.181E-1,-2.63427E-2,
2.41371E-3,9.819E-1,-2.23427E-2,
2.41621E-3,-6.181E-1,-2.47427E-2,
2.41871E-3,5.819E-1,-2.23427E-2,
2.42121E-3,-6.181E-1,-2.47427E-2,
2.42371E-3,5.819E-1,-2.23427E-2,
2.42621E-3,-1.0181E+0,-2.71427E-2,
2.42871E-3,1.819E-1,-2.39427E-2,
2.43122E-3,-1.4181E+0,-2.71427E-2,
2.43372E-3,-2.181E-1,-2.47427E-2,
2.43622E-3,-1.4181E+0,-2.71427E-2,
2.43872E-3,-2.181E-1,-2.39427E-2,
2.44122E-3,-1.8181E+0,-2.55427E-2,
2.44372E-3,-6.181E-1,-2.31427E-2,
2.44622E-3,-1.8181E+0,-2.55427E-2,
2.44872E-3,-6.181E-1,-2.39427E-2,
2.45123E-3,-2.2181E+0,-2.71427E-2,
2.45373E-3,-1.0181E+0,-2.39427E-2,
2.45623E-3,-2.2181E+0,-2.79427E-2,
2.45873E-3,-1.4181E+0,-2.47427E-2,
2.46123E-3,-2.6181E+0,-2.71427E-2,
2.46373E-3,-1.8181E+0,-2.47427E-2,
2.46623E-3,-3.0181E+0,-2.63427E-2,
2.46873E-3,-1.8181E+0,-2.31427E-2,
2.47124E-3,-3.4181E+0,-2.55427E-2,
2.47374E-3,-1.8181E+0,-2.31427E-2,
2.47624E-3,-3.4181E+0,-2.63427E-2,
2.47874E-3,-2.2181E+0,-2.39427E-2,
2.48124E-3,-3.8181E+0,-2.71427E-2,
2.48374E-3,-2.6181E+0,-2.47427E-2,
2.48624E-3,-3.8181E+0,-2.63427E-2,
2.48874E-3,-2.6181E+0,-2.39427E-2,
2.49125E-3,-4.2181E+0,-2.63427E-2,
2.49375E-3,-3.0181E+0,-2.23427E-2,
2.49625E-3,-4.2181E+0,-2.47427E-2,
2.49875E-3,-3.0181E+0,-2.23427E-2,
2.50125E-3,-4.6181E+0,-2.55427E-2,
2.50375E-3,-3.4181E+0,-2.31427E-2,
2.50625E-3,-4.6181E+0,-2.55427E-2,
2.50875E-3,-3.4181E+0,-2.39427E-2,
2.51126E-3,-5.0181E+0,-2.55427E-2,
2.51376E-3,-3.8181E+0,-2.31427E-2,
2.51626E-3,-5.4181E+0,-2.47427E-2,
2.51876E-3,-3.8181E+0,-2.07427E-2,
2.52126E-3,-5.4181E+0,-2.31427E-2,
2.52376E-3,-4.2181E+0,-2.07427E-2,
2.52626E-3,-5.4181E+0,-2.23427E-2,
2.52876E-3,-4.6181E+0,-2.07427E-2,
2.53127E-3,-5.8181E+0,-2.31427E-2,
2.53377E-3,-4.6181E+0,-2.07427E-2,
2.53627E-3,-6.2181E+0,-2.39427E-2,
2.53877E-3,-5.0181E+0,-2.15427E-2,
2.54127E-3,-6.2181E+0,-2.31427E-2,
2.54377E-3,-5.0181E+0,-1.91427E-2,
2.54627E-3,-6.2181E+0,-2.07427E-2,
2.54877E-3,-5.0181E+0,-1.83427E-2,
2.55128E-3,-6.6181E+0,-2.07427E-2,
2.55378E-3,-5.4181E+0,-1.75427E-2,
2.55628E-3,-6.6181E+0,-2.15427E-2,
2.55878E-3,-5.8181E+0,-1.75427E-2,
2.56128E-3,-7.0181E+0,-2.07427E-2,
2.56378E-3,-5.8181E+0,-1.83427E-2,
2.56628E-3,-7.0181E+0,-2.15427E-2,
2.56878E-3,-5.8181E+0,-1.75427E-2,
2.57129E-3,-7.0181E+0,-1.91427E-2,
2.57379E-3,-6.2181E+0,-1.51427E-2,
2.57629E-3,-7.4181E+0,-1.75427E-2,
2.57879E-3,-6.2181E+0,-1.51427E-2,
2.58129E-3,-7.4181E+0,-1.75427E-2,
2.58379E-3,-6.2181E+0,-1.51427E-2,
2.58629E-3,-7.4181E+0,-1.83427E-2,
2.58879E-3,-6.6181E+0,-1.51427E-2,
2.5913E-3,-7.4181E+0,-1.75427E-2,
2.5938E-3,-6.6181E+0,-1.51427E-2,
2.5963E-3,-7.8181E+0,-1.67427E-2,
2.5988E-3,-6.6181E+0,-1.27427E-2,
2.6013E-3,-7.8181E+0,-1.43427E-2,
2.6038E-3,-7.0181E+0,-1.11427E-2,
2.6063E-3,-7.8181E+0,-1.35427E-2,
2.6088E-3,-7.0181E+0,-1.11427E-2,
2.61131E-3,-7.8181E+0,-1.43427E-2,
2.61381E-3,-7.0181E+0,-1.19427E-2,
2.61631E-3,-7.8181E+0,-1.43427E-2,
2.61881E-3,-7.0181E+0,-1.11427E-2,
2.62131E-3,-8.2181E+0,-1.35427E-2,
2.62381E-3,-7.0181E+0,-1.03427E-2,
2.62631E-3,-8.2181E+0,-1.19427E-2,
2.62881E-3,-7.0181E+0,-8.7427E-3,
2.63132E-3,-8.2181E+0,-1.19427E-2,
2.63382E-3,-7.0181E+0,-9.5427E-3,
2.63632E-3,-8.2181E+0,-1.27427E-2,
2.63882E-3,-7.0181E+0,-1.03427E-2,
2.64132E-3,-8.2181E+0,-1.27427E-2,
2.64382E-3,-7.4181E+0,-1.03427E-2,
2.64632E-3,-8.2181E+0,-1.19427E-2,
2.64882E-3,-7.4181E+0,-8.7427E-3,
2.65133E-3,-8.2181E+0,-1.03427E-2,
2.65383E-3,-7.4181E+0,-7.9427E-3,
2.65633E-3,-8.6181E+0,-9.5427E-3,
2.65883E-3,-7.4181E+0,-6.3427E-3,
2.66133E-3,-8.6181E+0,-9.5427E-3,
2.66383E-3,-7.4181E+0,-7.1427E-3,
2.66633E-3,-8.2181E+0,-9.5427E-3,
2.66883E-3,-7.4181E+0,-7.1427E-3,
2.67134E-3,-8.6181E+0,-9.5427E-3,
2.67384E-3,-7.4181E+0,-5.5427E-3,
2.67634E-3,-8.6181E+0,-7.1427E-3,
2.67884E-3,-7.4181E+0,-4.7427E-3,
2.68134E-3,-8.2181E+0,-7.1427E-3,
2.68384E-3,-7.4181E+0,-4.7427E-3,
2.68634E-3,-8.6181E+0,-7.1427E-3,
2.68884E-3,-7.4181E+0,-4.7427E-3,
2.69135E-3,-8.6181E+0,-7.9427E-3,
2.69385E-3,-7.4181E+0,-5.5427E-3,
2.69635E-3,-8.6181E+0,-7.9427E-3,
2.69885E-3,-7.4181E+0,-4.7427E-3,
2.70135E-3,-8.6181E+0,-7.1427E-3,
2.70385E-3,-7.4181E+0,-2.3427E-3,
2.70635E-3,-8.6181E+0,-5.5427E-3,
2.70885E-3,-7.4181E+0,-2.3427E-3,
2.71136E-3,-8.6181E+0,-5.5427E-3,
2.71386E-3,-7.4181E+0,-3.1427E-3,
2.71636E-3,-8.6181E+0,-7.1427E-3,
2.71886E-3,-7.4181E+0,-3.9427E-3,
2.72136E-3,-8.2181E+0,-7.1427E-3,
2.72386E-3,-7.4181E+0,-3.9427E-3,
2.72636E-3,-8.2181E+0,-6.3427E-3,
2.72886E-3,-7.4181E+0,-2.3427E-3,
2.73137E-3,-8.2181E+0,-4.7427E-3,
2.73387E-3,-7.4181E+0,-2.3427E-3,
2.73637E-3,-8.2181E+0,-5.5427E-3,
2.73887E-3,-7.4181E+0,-3.1427E-3,
2.74137E-3,-8.2181E+0,-6.3427E-3,
2.74387E-3,-7.4181E+0,-3.1427E-3,
2.74637E-3,-8.2181E+0,-7.1427E-3,
2.74887E-3,-7.4181E+0,-4.7427E-3,
2.75138E-3,-8.2181E+0,-6.3427E-3,
2.75388E-3,-7.4181E+0,-3.9427E-3,
2.75638E-3,-8.2181E+0,-5.5427E-3,
2.75888E-3,-7.4181E+0,-2.3427E-3,
2.76138E-3,-8.2181E+0,-5.5427E-3,
2.76388E-3,-7.0181E+0,-2.3427E-3,
2.76638E-3,-8.2181E+0,-7.1427E-3,
2.76888E-3,-7.0181E+0,-3.9427E-3,
2.77139E-3,-8.2181E+0,-7.1427E-3,
2.77389E-3,-7.0181E+0,-3.9427E-3,
2.77639E-3,-8.2181E+0,-6.3427E-3,
2.77889E-3,-7.0181E+0,-3.9427E-3,
2.78139E-3,-7.8181E+0,-5.5427E-3,
2.78389E-3,-7.0181E+0,-2.3427E-3,
2.78639E-3,-7.8181E+0,-5.5427E-3,
2.78889E-3,-6.6181E+0,-3.1427E-3,
2.7914E-3,-7.8181E+0,-7.1427E-3,
2.7939E-3,-6.6181E+0,-3.9427E-3,
2.7964E-3,-7.8181E+0,-7.9427E-3,
2.7989E-3,-6.6181E+0,-4.7427E-3,
2.8014E-3,-7.4181E+0,-7.9427E-3,
2.8039E-3,-6.6181E+0,-5.5427E-3,
2.8064E-3,-7.4181E+0,-7.9427E-3,
2.8089E-3,-6.2181E+0,-3.9427E-3,
2.81141E-3,-7.0181E+0,-7.9427E-3,
2.81391E-3,-6.2181E+0,-4.7427E-3,
2.81641E-3,-7.0181E+0,-7.9427E-3,
2.81891E-3,-5.8181E+0,-5.5427E-3,
2.82141E-3,-7.0181E+0,-9.5427E-3,
2.82391E-3,-5.8181E+0,-6.3427E-3,
2.82641E-3,-6.6181E+0,-8.7427E-3,
2.82891E-3,-5.8181E+0,-6.3427E-3,
2.83142E-3,-6.6181E+0,-1.03427E-2,
2.83392E-3,-5.4181E+0,-6.3427E-3,
2.83642E-3,-6.6181E+0,-9.5427E-3,
2.83892E-3,-5.4181E+0,-6.3427E-3,
2.84142E-3,-6.2181E+0,-9.5427E-3,
2.84392E-3,-5.0181E+0,-7.1427E-3,
2.84642E-3,-6.2181E+0,-1.11427E-2,
2.84892E-3,-5.0181E+0,-7.9427E-3,
2.85143E-3,-5.8181E+0,-1.19427E-2,
2.85393E-3,-4.6181E+0,-9.5427E-3,
2.85643E-3,-5.8181E+0,-1.27427E-2,
2.85893E-3,-4.6181E+0,-1.03427E-2,
2.86143E-3,-5.4181E+0,-1.19427E-2,
2.86393E-3,-4.6181E+0,-9.5427E-3,
2.86643E-3,-5.0181E+0,-1.27427E-2,
2.86893E-3,-4.2181E+0,-9.5427E-3,
2.87144E-3,-5.0181E+0,-1.43427E-2,
2.87394E-3,-4.2181E+0,-1.11427E-2,
2.87644E-3,-4.6181E+0,-1.51427E-2,
2.87894E-3,-3.8181E+0,-1.27427E-2,
2.88144E-3,-4.6181E+0,-1.59427E-2,
2.88394E-3,-3.4181E+0,-1.27427E-2,
2.88644E-3,-4.6181E+0,-1.43427E-2,
2.88894E-3,-3.4181E+0,-1.19427E-2,
2.89145E-3,-4.2181E+0,-1.51427E-2,
2.89395E-3,-3.0181E+0,-1.19427E-2,
2.89645E-3,-4.2181E+0,-1.59427E-2,
2.89895E-3,-3.0181E+0,-1.27427E-2,
2.90145E-3,-3.8181E+0,-1.75427E-2,
2.90395E-3,-2.6181E+0,-1.43427E-2,
2.90645E-3,-3.4181E+0,-1.83427E-2,
2.90895E-3,-2.2181E+0,-1.59427E-2,
2.91146E-3,-3.4181E+0,-1.83427E-2,
2.91396E-3,-2.2181E+0,-1.51427E-2,
2.91646E-3,-3.0181E+0,-1.83427E-2,
2.91896E-3,-1.8181E+0,-1.51427E-2,
2.92146E-3,-2.6181E+0,-1.99427E-2,
2.92396E-3,-1.4181E+0,-1.59427E-2,
2.92646E-3,-2.6181E+0,-2.07427E-2,
2.92896E-3,-1.4181E+0,-1.75427E-2,
2.93147E-3,-2.2181E+0,-2.15427E-2,
2.93397E-3,-1.4181E+0,-1.83427E-2,
2.93647E-3,-1.8181E+0,-2.23427E-2,
2.93897E-3,-1.0181E+0,-1.83427E-2,
2.94147E-3,-1.8181E+0,-2.07427E-2,
2.94397E-3,-6.181E-1,-1.83427E-2,
2.94647E-3,-1.4181E+0,-2.15427E-2,
2.94897E-3,-6.181E-1,-1.83427E-2,
2.95148E-3,-1.4181E+0,-2.31427E-2,
2.95398E-3,-2.181E-1,-1.91427E-2,
2.95648E-3,-1.0181E+0,-2.39427E-2,
2.95898E-3,-2.181E-1,-2.07427E-2,
2.96148E-3,-1.0181E+0,-2.39427E-2,
2.96398E-3,1.819E-1,-2.15427E-2,
2.96648E-3,-6.181E-1,-2.23427E-2,
2.96898E-3,5.819E-1,-1.99427E-2,
2.97149E-3,-2.181E-1,-2.39427E-2,
2.97399E-3,5.819E-1,-2.07427E-2,
2.97649E-3,-2.181E-1,-2.55427E-2,
2.97899E-3,9.819E-1,-2.15427E-2,
2.98149E-3,1.819E-1,-2.55427E-2,
2.98399E-3,9.819E-1,-2.39427E-2,
2.98649E-3,1.819E-1,-2.55427E-2,
2.98899E-3,1.3819E+0,-2.31427E-2,
2.9915E-3,5.819E-1,-2.55427E-2,
2.994E-3,1.7819E+0,-2.23427E-2,
2.9965E-3,9.819E-1,-2.55427E-2,
2.999E-3,1.7819E+0,-2.31427E-2,
3.0015E-3,9.819E-1,-2.55427E-2,
3.004E-3,2.1819E+0,-2.31427E-2,
3.0065E-3,1.3819E+0,-2.79427E-2,
3.009E-3,2.5819E+0,-2.39427E-2,
3.01151E-3,1.7819E+0,-2.79427E-2,
3.01401E-3,2.5819E+0,-2.55427E-2,
3.01651E-3,1.7819E+0,-2.71427E-2,
3.01901E-3,2.9819E+0,-2.39427E-2,
3.02151E-3,1.7819E+0,-2.63427E-2,
3.02401E-3,2.9819E+0,-2.39427E-2,
3.02651E-3,2.1819E+0,-2.63427E-2,
3.02901E-3,3.3819E+0,-2.39427E-2,
3.03152E-3,2.5819E+0,-2.71427E-2,
3.03402E-3,3.7819E+0,-2.39427E-2,
3.03652E-3,2.5819E+0,-2.71427E-2,
3.03902E-3,3.7819E+0,-2.55427E-2,
3.04152E-3,2.9819E+0,-2.79427E-2,
3.04402E-3,4.1819E+0,-2.47427E-2,
3.04652E-3,3.3819E+0,-2.71427E-2,
3.04902E-3,4.1819E+0,-2.47427E-2,
3.05153E-3,3.3819E+0,-2.55427E-2,
3.05403E-3,4.5819E+0,-2.31427E-2,
3.05653E-3,3.7819E+0,-2.63427E-2,
3.05903E-3,4.9819E+0,-2.39427E-2,
3.06153E-3,3.7819E+0,-2.63427E-2,
3.06403E-3,4.9819E+0,-2.39427E-2,
3.06653E-3,4.1819E+0,-2.63427E-2,
3.06903E-3,4.9819E+0,-2.31427E-2,
3.07154E-3,4.5819E+0,-2.47427E-2,
3.07404E-3,5.3819E+0,-2.23427E-2,
3.07654E-3,4.5819E+0,-2.47427E-2,
3.07904E-3,5.7819E+0,-2.15427E-2,
3.08154E-3,4.5819E+0,-2.47427E-2,
3.08404E-3,5.7819E+0,-2.15427E-2,
3.08654E-3,4.9819E+0,-2.47427E-2,
3.08904E-3,5.7819E+0,-2.31427E-2,
3.09155E-3,4.9819E+0,-2.47427E-2,
3.09405E-3,6.1819E+0,-2.23427E-2,
3.09655E-3,5.3819E+0,-2.39427E-2,
3.09905E-3,6.5819E+0,-1.99427E-2,
3.10155E-3,5.3819E+0,-2.23427E-2,
3.10405E-3,6.5819E+0,-1.99427E-2,
3.10655E-3,5.7819E+0,-2.23427E-2,
3.10905E-3,6.9819E+0,-1.99427E-2,
3.11156E-3,5.7819E+0,-2.31427E-2,
3.11406E-3,6.9819E+0,-1.99427E-2,
3.11656E-3,6.1819E+0,-2.31427E-2,
3.11906E-3,7.3819E+0,-1.99427E-2,
3.12156E-3,6.1819E+0,-2.23427E-2,
3.12406E-3,7.3819E+0,-1.75427E-2,
3.12656E-3,6.5819E+0,-1.91427E-2,
3.12906E-3,7.3819E+0,-1.67427E-2,
3.13157E-3,6.5819E+0,-1.91427E-2,
3.13407E-3,7.7819E+0,-1.67427E-2,
3.13657E-3,6.9819E+0,-1.99427E-2,
3.13907E-3,8.1819E+0,-1.67427E-2,
3.14157E-3,6.9819E+0,-2.07427E-2,
3.14407E-3,8.1819E+0,-1.67427E-2,
3.14657E-3,6.9819E+0,-1.91427E-2,
3.14907E-3,8.1819E+0,-1.59427E-2,
3.15158E-3,7.3819E+0,-1.75427E-2,
3.15408E-3,8.5819E+0,-1.43427E-2,
3.15658E-3,7.3819E+0,-1.67427E-2,
3.15908E-3,8.5819E+0,-1.43427E-2,
3.16158E-3,7.7819E+0,-1.67427E-2,
3.16408E-3,8.5819E+0,-1.35427E-2,
3.16658E-3,7.7819E+0,-1.59427E-2,
3.16908E-3,8.9819E+0,-1.35427E-2,
3.17159E-3,7.7819E+0,-1.59427E-2,
3.17409E-3,8.9819E+0,-1.27427E-2,
3.17659E-3,8.1819E+0,-1.35427E-2,
3.17909E-3,8.9819E+0,-1.11427E-2,
3.18159E-3,8.1819E+0,-1.27427E-2,
3.18409E-3,8.9819E+0,-9.5427E-3,
3.18659E-3,8.1819E+0,-1.35427E-2,
3.18909E-3,9.3819E+0,-1.03427E-2,
3.1916E-3,8.1819E+0,-1.27427E-2,
3.1941E-3,9.3819E+0,-1.03427E-2,
3.1966E-3,8.1819E+0,-1.27427E-2,
3.1991E-3,9.3819E+0,-9.5427E-3,
3.2016E-3,8.1819E+0,-1.11427E-2,
3.2041E-3,9.3819E+0,-7.1427E-3,
3.2066E-3,8.5819E+0,-9.5427E-3,
3.2091E-3,9.3819E+0,-7.1427E-3,
3.21161E-3,8.5819E+0,-9.5427E-3,
3.21411E-3,9.3819E+0,-7.1427E-3,
3.21661E-3,8.5819E+0,-1.03427E-2,
3.21911E-3,9.3819E+0,-7.9427E-3,
3.22161E-3,8.5819E+0,-1.03427E-2,
3.22411E-3,9.7819E+0,-7.9427E-3,
3.22661E-3,8.5819E+0,-1.03427E-2,
3.22911E-3,9.7819E+0,-5.5427E-3,
3.23162E-3,8.5819E+0,-7.9427E-3,
3.23412E-3,9.7819E+0,-5.5427E-3,
3.23662E-3,8.9819E+0,-7.9427E-3,
3.23912E-3,9.7819E+0,-4.7427E-3,
3.24162E-3,8.5819E+0,-7.9427E-3,
3.24412E-3,9.7819E+0,-5.5427E-3,
3.24662E-3,8.5819E+0,-7.9427E-3,
3.24912E-3,9.7819E+0,-5.5427E-3,
3.25163E-3,8.9819E+0,-7.9427E-3,
3.25413E-3,9.7819E+0,-5.5427E-3,
3.25663E-3,8.5819E+0,-7.1427E-3,
3.25913E-3,9.7819E+0,-3.9427E-3,
3.26163E-3,8.5819E+0,-6.3427E-3,
3.26413E-3,9.7819E+0,-3.9427E-3,
3.26663E-3,8.5819E+0,-6.3427E-3,
3.26913E-3,9.7819E+0,-3.1427E-3,
3.27164E-3,8.5819E+0,-7.1427E-3,
3.27414E-3,9.7819E+0,-3.9427E-3,
3.27664E-3,8.1819E+0,-6.3427E-3,
3.27914E-3,9.3819E+0,-3.9427E-3,
3.28164E-3,8.5819E+0,-5.5427E-3,
3.28414E-3,9.3819E+0,-2.3427E-3,
3.28664E-3,8.5819E+0,-4.7427E-3,
3.28914E-3,9.3819E+0,-2.3427E-3,
3.29165E-3,8.1819E+0,-5.5427E-3,
3.29415E-3,9.3819E+0,-2.3427E-3,
3.29665E-3,8.1819E+0,-5.5427E-3,
3.29915E-3,9.3819E+0,-3.9427E-3,
3.30165E-3,8.1819E+0,-5.5427E-3,
3.30415E-3,9.3819E+0,-3.9427E-3,
3.30665E-3,8.1819E+0,-6.3427E-3,
3.30915E-3,8.9819E+0,-2.3427E-3,
3.31166E-3,7.7819E+0,-5.5427E-3,
3.31416E-3,8.9819E+0,-2.3427E-3,
3.31666E-3,7.7819E+0,-7.1427E-3,
3.31916E-3,8.5819E+0,-3.9427E-3,
3.32166E-3,7.3819E+0,-7.9427E-3,
3.32416E-3,8.5819E+0,-4.7427E-3,
3.32666E-3,7.3819E+0,-7.9427E-3,
3.32916E-3,8.5819E+0,-5.5427E-3,
3.33167E-3,7.3819E+0,-8.7427E-3,
3.33417E-3,8.1819E+0,-5.5427E-3,
3.33667E-3,6.9819E+0,-7.1427E-3,
3.33917E-3,8.1819E+0,-4.7427E-3,
3.34167E-3,6.5819E+0,-7.9427E-3,
3.34417E-3,8.1819E+0,-5.5427E-3,
3.34667E-3,6.5819E+0,-8.7427E-3,
3.34917E-3,7.7819E+0,-6.3427E-3,
3.35168E-3,6.5819E+0,-8.7427E-3,
3.35418E-3,7.7819E+0,-7.1427E-3,
3.35668E-3,6.1819E+0,-1.03427E-2,
3.35918E-3,7.3819E+0,-7.1427E-3,
3.36168E-3,5.7819E+0,-8.7427E-3,
3.36418E-3,7.3819E+0,-6.3427E-3,
3.36668E-3,5.7819E+0,-1.03427E-2,
3.36918E-3,7.3819E+0,-6.3427E-3,
3.37169E-3,5.7819E+0,-1.11427E-2,
3.37419E-3,6.9819E+0,-7.9427E-3,
3.37669E-3,5.3819E+0,-1.19427E-2,
3.37919E-3,6.9819E+0,-9.5427E-3,
3.38169E-3,5.3819E+0,-1.27427E-2,
3.38419E-3,6.5819E+0,-9.5427E-3,
3.38669E-3,4.9819E+0,-1.19427E-2,
3.38919E-3,6.1819E+0,-9.5427E-3,
3.3917E-3,4.9819E+0,-1.19427E-2,
3.3942E-3,6.1819E+0,-9.5427E-3,
3.3967E-3,4.9819E+0,-1.35427E-2,
3.3992E-3,5.7819E+0,-1.03427E-2,
3.4017E-3,4.5819E+0,-1.51427E-2,
3.4042E-3,5.7819E+0,-1.19427E-2,
3.4067E-3,4.5819E+0,-1.51427E-2,
3.4092E-3,5.3819E+0,-1.27427E-2,
3.41171E-3,4.1819E+0,-1.59427E-2,
3.41421E-3,5.3819E+0,-1.27427E-2,
3.41671E-3,3.7819E+0,-1.67427E-2,
3.41921E-3,4.9819E+0,-1.35427E-2,
3.42171E-3,3.7819E+0,-1.75427E-2,
3.42421E-3,4.9819E+0,-1.43427E-2,
3.42671E-3,3.3819E+0,-1.83427E-2,
3.42921E-3,4.5819E+0,-1.43427E-2,
3.43172E-3,3.3819E+0,-1.91427E-2,
3.43422E-3,4.1819E+0,-1.59427E-2,
3.43672E-3,2.9819E+0,-1.91427E-2,
3.43922E-3,4.1819E+0,-1.59427E-2,
3.44172E-3,2.9819E+0,-1.91427E-2,
3.44422E-3,4.1819E+0,-1.67427E-2,
3.44672E-3,2.5819E+0,-1.91427E-2,
3.44922E-3,3.7819E+0,-1.67427E-2,
3.45173E-3,2.1819E+0,-2.07427E-2,
3.45423E-3,3.3819E+0,-1.75427E-2,
3.45673E-3,2.1819E+0,-2.23427E-2,
3.45923E-3,3.3819E+0,-1.91427E-2,
3.46173E-3,1.7819E+0,-2.31427E-2,
3.46423E-3,2.9819E+0,-1.99427E-2,
3.46673E-3,1.3819E+0,-2.15427E-2,
3.46923E-3,2.9819E+0,-1.91427E-2,
3.47174E-3,1.3819E+0,-2.23427E-2,
3.47424E-3,2.1819E+0,-1.99427E-2,
3.47674E-3,9.819E-1,-2.39427E-2,
3.47924E-3,2.1819E+0,-2.07427E-2,
3.48174E-3,5.819E-1,-2.47427E-2,
3.48424E-3,1.7819E+0,-2.15427E-2,
3.48674E-3,5.819E-1,-2.55427E-2,
3.48924E-3,1.7819E+0,-2.23427E-2,
3.49175E-3,5.819E-1,-2.47427E-2,
3.49425E-3,1.7819E+0,-2.15427E-2,
3.49675E-3,1.819E-1,-2.47427E-2,
3.49925E-3,1.3819E+0,-2.15427E-2,
3.50175E-3,-2.181E-1,-2.47427E-2,
3.50425E-3,9.819E-1,-2.23427E-2,
3.50675E-3,-2.181E-1,-2.63427E-2,
3.50925E-3,5.819E-1,-2.31427E-2,
3.51176E-3,-6.181E-1,-2.63427E-2,
3.51426E-3,5.819E-1,-2.47427E-2,
3.51676E-3,-1.0181E+0,-2.71427E-2,
3.51926E-3,1.819E-1,-2.31427E-2,
3.52176E-3,-1.0181E+0,-2.55427E-2,
3.52426E-3,-2.181E-1,-2.31427E-2,
3.52676E-3,-1.4181E+0,-2.55427E-2,
3.52926E-3,-2.181E-1,-2.31427E-2,
3.53177E-3,-1.4181E+0,-2.71427E-2,
3.53427E-3,-2.181E-1,-2.39427E-2,
3.53677E-3,-1.8181E+0,-2.71427E-2,
3.53927E-3,-6.181E-1,-2.47427E-2,
3.54177E-3,-1.8181E+0,-2.79427E-2,
3.54427E-3,-1.0181E+0,-2.39427E-2,
3.54677E-3,-2.2181E+0,-2.63427E-2,
3.54927E-3,-1.0181E+0,-2.39427E-2,
3.55178E-3,-2.6181E+0,-2.63427E-2,
3.55428E-3,-1.4181E+0,-2.39427E-2,
3.55678E-3,-2.6181E+0,-2.71427E-2,
3.55928E-3,-1.8181E+0,-2.39427E-2,
3.56178E-3,-3.0181E+0,-2.79427E-2,
3.56428E-3,-1.8181E+0,-2.55427E-2,
3.56678E-3,-3.4181E+0,-2.79427E-2,
3.56928E-3,-2.2181E+0,-2.47427E-2,
3.57179E-3,-3.4181E+0,-2.63427E-2,
3.57429E-3,-2.2181E+0,-2.31427E-2,
3.57679E-3,-3.8181E+0,-2.55427E-2,
3.57929E-3,-2.6181E+0,-2.23427E-2,
3.58179E-3,-3.8181E+0,-2.63427E-2,
3.58429E-3,-2.6181E+0,-2.31427E-2,
3.58679E-3,-4.2181E+0,-2.63427E-2,
3.58929E-3,-3.0181E+0,-2.39427E-2,
3.5918E-3,-4.6181E+0,-2.63427E-2,
3.5943E-3,-3.4181E+0,-2.39427E-2,
3.5968E-3,-4.6181E+0,-2.71427E-2,
3.5993E-3,-3.4181E+0,-2.23427E-2,
3.6018E-3,-4.6181E+0,-2.47427E-2,
3.6043E-3,-3.4181E+0,-2.23427E-2,
3.6068E-3,-5.0181E+0,-2.55427E-2,
3.6093E-3,-3.8181E+0,-2.23427E-2,
3.61181E-3,-5.4181E+0,-2.55427E-2,
3.61431E-3,-4.2181E+0,-2.23427E-2,
3.61681E-3,-5.4181E+0,-2.47427E-2,
3.61931E-3,-4.2181E+0,-2.23427E-2,
3.62181E-3,-5.8181E+0,-2.47427E-2,
3.62431E-3,-4.6181E+0,-2.07427E-2,
3.62681E-3,-5.8181E+0,-2.31427E-2,
3.62931E-3,-4.6181E+0,-2.07427E-2,
3.63182E-3,-6.2181E+0,-2.31427E-2,
3.63432E-3,-5.0181E+0,-1.99427E-2,
3.63682E-3,-6.2181E+0,-2.31427E-2,
3.63932E-3,-5.0181E+0,-2.07427E-2,
3.64182E-3,-6.6181E+0,-2.23427E-2,
3.64432E-3,-5.4181E+0,-1.99427E-2,
3.64682E-3,-6.6181E+0,-2.31427E-2,
3.64932E-3,-5.4181E+0,-1.99427E-2,
3.65183E-3,-7.0181E+0,-2.15427E-2,
3.65433E-3,-5.4181E+0,-1.83427E-2,
3.65683E-3,-7.0181E+0,-2.07427E-2,
3.65933E-3,-5.8181E+0,-1.75427E-2,
3.66183E-3,-7.0181E+0,-1.99427E-2,
3.66433E-3,-5.8181E+0,-1.67427E-2,
3.66683E-3,-7.0181E+0,-1.99427E-2,
3.66933E-3,-6.2181E+0,-1.75427E-2,
3.67184E-3,-7.0181E+0,-1.91427E-2,
3.67434E-3,-6.2181E+0,-1.67427E-2,
3.67684E-3,-7.4181E+0,-1.91427E-2,
3.67934E-3,-6.2181E+0,-1.51427E-2,
3.68184E-3,-7.4181E+0,-1.75427E-2,
3.68434E-3,-6.6181E+0,-1.51427E-2,
3.68684E-3,-7.8181E+0,-1.75427E-2,
3.68934E-3,-6.6181E+0,-1.43427E-2,
3.69185E-3,-7.8181E+0,-1.67427E-2,
3.69435E-3,-7.0181E+0,-1.43427E-2,
3.69685E-3,-7.8181E+0,-1.59427E-2,
3.69935E-3,-6.6181E+0,-1.35427E-2,
3.70185E-3,-7.8181E+0,-1.59427E-2,
3.70435E-3,-7.0181E+0,-1.19427E-2,
3.70685E-3,-8.2181E+0,-1.35427E-2,
3.70935E-3,-7.0181E+0,-1.11427E-2,
3.71186E-3,-8.2181E+0,-1.35427E-2,
3.71436E-3,-7.0181E+0,-1.11427E-2,
3.71686E-3,-8.2181E+0,-1.43427E-2,
3.71936E-3,-7.0181E+0,-1.19427E-2,
3.72186E-3,-8.2181E+0,-1.43427E-2,
3.72436E-3,-7.0181E+0,-1.11427E-2,
3.72686E-3,-8.2181E+0,-1.27427E-2,
3.72936E-3,-7.0181E+0,-9.5427E-3,
3.73187E-3,-8.2181E+0,-1.11427E-2,
3.73437E-3,-7.4181E+0,-8.7427E-3,
3.73687E-3,-8.2181E+0,-1.03427E-2,
3.73937E-3,-7.0181E+0,-7.9427E-3,
3.74187E-3,-8.2181E+0,-1.11427E-2,
3.74437E-3,-7.4181E+0,-8.7427E-3,
3.74687E-3,-8.2181E+0,-1.11427E-2,
3.74937E-3,-7.4181E+0,-7.9427E-3,
3.75188E-3,-8.2181E+0,-1.03427E-2,
3.75438E-3,-7.4181E+0,-7.9427E-3,
3.75688E-3,-8.6181E+0,-9.5427E-3,
3.75938E-3,-7.0181E+0,-6.3427E-3,
3.76188E-3,-8.2181E+0,-8.7427E-3,
3.76438E-3,-7.4181E+0,-6.3427E-3,
3.76688E-3,-8.6181E+0,-8.7427E-3,
3.76938E-3,-7.4181E+0,-6.3427E-3,
3.77189E-3,-8.6181E+0,-9.5427E-3,
3.77439E-3,-7.4181E+0,-7.1427E-3,
3.77689E-3,-8.6181E+0,-8.7427E-3,
3.77939E-3,-7.4181E+0,-6.3427E-3,
3.78189E-3,-8.6181E+0,-8.7427E-3,
3.78439E-3,-7.4181E+0,-4.7427E-3,
3.78689E-3,-8.6181E+0,-6.3427E-3,
3.78939E-3,-7.4181E+0,-3.9427E-3,
3.7919E-3,-8.6181E+0,-6.3427E-3,
3.7944E-3,-7.4181E+0,-3.9427E-3,
3.7969E-3,-8.2181E+0,-7.1427E-3,
3.7994E-3,-7.4181E+0,-4.7427E-3,
3.8019E-3,-8.6181E+0,-7.1427E-3,
3.8044E-3,-7.4181E+0,-4.7427E-3,
3.8069E-3,-8.6181E+0,-7.1427E-3,
3.8094E-3,-7.4181E+0,-3.9427E-3,
3.81191E-3,-8.6181E+0,-5.5427E-3,
3.81441E-3,-7.4181E+0,-3.9427E-3,
3.81691E-3,-8.6181E+0,-6.3427E-3,
3.81941E-3,-7.4181E+0,-3.9427E-3,
3.82191E-3,-8.6181E+0,-6.3427E-3,
3.82441E-3,-7.4181E+0,-3.9427E-3,
3.82691E-3,-8.6181E+0,-7.1427E-3,
3.82941E-3,-7.4181E+0,-4.7427E-3,
3.83192E-3,-8.2181E+0,-6.3427E-3,
3.83442E-3,-7.4181E+0,-3.9427E-3,
3.83692E-3,-8.2181E+0,-5.5427E-3,
3.83942E-3,-7.4181E+0,-2.3427E-3,
3.84192E-3,-8.2181E+0,-4.7427E-3,
3.84442E-3,-7.4181E+0,-1.5427E-3,
3.84692E-3,-8.2181E+0,-6.3427E-3,
3.84942E-3,-7.0181E+0,-3.1427E-3,
3.85193E-3,-8.2181E+0,-6.3427E-3,
3.85443E-3,-7.0181E+0,-3.9427E-3,
3.85693E-3,-8.2181E+0,-7.1427E-3,
3.85943E-3,-7.0181E+0,-3.9427E-3,
3.86193E-3,-8.2181E+0,-5.5427E-3,
3.86443E-3,-7.0181E+0,-2.3427E-3,
3.86693E-3,-8.2181E+0,-4.7427E-3,
3.86943E-3,-7.0181E+0,-2.3427E-3,
3.87194E-3,-7.8181E+0,-7.1427E-3,
3.87444E-3,-7.0181E+0,-3.1427E-3,
3.87694E-3,-7.8181E+0,-7.9427E-3,
3.87944E-3,-7.0181E+0,-5.5427E-3,
3.88194E-3,-7.8181E+0,-7.1427E-3,
3.88444E-3,-6.6181E+0,-3.9427E-3,
3.88694E-3,-7.8181E+0,-7.1427E-3,
3.88944E-3,-6.6181E+0,-3.1427E-3,
3.89195E-3,-7.4181E+0,-7.1427E-3,
3.89445E-3,-6.6181E+0,-4.7427E-3,
3.89695E-3,-7.4181E+0,-7.9427E-3,
3.89945E-3,-6.6181E+0,-4.7427E-3,
3.90195E-3,-7.4181E+0,-9.5427E-3,
3.90445E-3,-6.2181E+0,-6.3427E-3,
3.90695E-3,-7.0181E+0,-9.5427E-3,
3.90945E-3,-6.2181E+0,-7.1427E-3,
3.91196E-3,-7.0181E+0,-9.5427E-3,
3.91446E-3,-5.8181E+0,-5.5427E-3,
3.91696E-3,-7.0181E+0,-7.9427E-3,
3.91946E-3,-5.8181E+0,-4.7427E-3,
3.92196E-3,-7.0181E+0,-8.7427E-3,
3.92446E-3,-5.4181E+0,-6.3427E-3,
3.92696E-3,-6.6181E+0,-1.03427E-2,
3.92946E-3,-5.4181E+0,-7.1427E-3,
3.93197E-3,-6.6181E+0,-1.11427E-2,
3.93447E-3,-5.4181E+0,-7.9427E-3,
3.93697E-3,-6.2181E+0,-1.19427E-2,
3.93947E-3,-5.0181E+0,-9.5427E-3,
3.94197E-3,-6.2181E+0,-1.11427E-2,
3.94447E-3,-5.0181E+0,-8.7427E-3,
3.94697E-3,-5.8181E+0,-1.11427E-2,
3.94947E-3,-4.6181E+0,-7.9427E-3,
3.95198E-3,-5.4181E+0,-1.27427E-2,
3.95448E-3,-4.6181E+0,-9.5427E-3,
3.95698E-3,-5.4181E+0,-1.43427E-2,
3.95948E-3,-4.2181E+0,-1.11427E-2,
3.96198E-3,-5.0181E+0,-1.43427E-2,
3.96448E-3,-4.2181E+0,-1.19427E-2,
3.96698E-3,-5.0181E+0,-1.35427E-2,
3.96948E-3,-3.8181E+0,-1.11427E-2,
3.97199E-3,-4.6181E+0,-1.35427E-2,
3.97449E-3,-3.4181E+0,-1.11427E-2,
3.97699E-3,-4.6181E+0,-1.51427E-2,
3.97949E-3,-3.4181E+0,-1.11427E-2,
3.98199E-3,-4.2181E+0,-1.59427E-2,
3.98449E-3,-3.0181E+0,-1.35427E-2,
3.98699E-3,-4.2181E+0,-1.75427E-2,
3.98949E-3,-3.0181E+0,-1.43427E-2,
3.992E-3,-3.8181E+0,-1.75427E-2,
3.9945E-3,-2.6181E+0,-1.43427E-2,
3.997E-3,-3.8181E+0,-1.75427E-2,
3.9995E-3,-2.6181E+0,-1.43427E-2,
4.002E-3,-3.4181E+0,-1.83427E-2,
4.0045E-3,-2.2181E+0,-1.51427E-2,
4.007E-3,-3.0181E+0,-1.99427E-2,
4.0095E-3,-2.2181E+0,-1.75427E-2,
4.01201E-3,-3.0181E+0,-2.07427E-2,
4.01451E-3,-1.8181E+0,-1.75427E-2,
4.01701E-3,-2.6181E+0,-2.15427E-2,
4.01951E-3,-1.8181E+0,-1.75427E-2,
4.02201E-3,-2.6181E+0,-2.07427E-2,
4.02451E-3,-1.4181E+0,-1.75427E-2,
4.02701E-3,-2.2181E+0,-2.07427E-2,
4.02951E-3,-1.0181E+0,-1.83427E-2,
4.03202E-3,-1.8181E+0,-2.23427E-2,
4.03452E-3,-1.0181E+0,-1.83427E-2,
4.03702E-3,-1.8181E+0,-2.31427E-2,
4.03952E-3,-6.181E-1,-2.07427E-2,
4.04202E-3,-1.4181E+0,-2.31427E-2,
4.04452E-3,-6.181E-1,-2.07427E-2,
4.04702E-3,-1.4181E+0,-2.23427E-2,
4.04952E-3,-2.181E-1,-1.99427E-2,
4.05203E-3,-1.0181E+0,-2.31427E-2,
4.05453E-3,1.819E-1,-2.07427E-2,
4.05703E-3,-6.181E-1,-2.47427E-2,
4.05953E-3,1.819E-1,-2.07427E-2,
4.06203E-3,-6.181E-1,-2.55427E-2,
4.06453E-3,5.819E-1,-2.31427E-2,
4.06703E-3,-2.181E-1,-2.55427E-2,
4.06953E-3,9.819E-1,-2.31427E-2,
4.07204E-3,-2.181E-1,-2.55427E-2,
4.07454E-3,9.819E-1,-2.23427E-2,
4.07704E-3,1.819E-1,-2.47427E-2,
4.07954E-3,1.3819E+0,-2.23427E-2,
4.08204E-3,5.819E-1,-2.55427E-2,
4.08454E-3,1.3819E+0,-2.23427E-2,
4.08704E-3,5.819E-1,-2.71427E-2,
4.08954E-3,1.7819E+0,-2.39427E-2,
4.09205E-3,9.819E-1,-2.71427E-2,
4.09455E-3,1.7819E+0,-2.47427E-2,
4.09705E-3,1.3819E+0,-2.63427E-2,
4.09955E-3,2.1819E+0,-2.39427E-2,
4.10205E-3,1.3819E+0,-2.55427E-2,
4.10455E-3,2.5819E+0,-2.31427E-2,
4.10705E-3,1.7819E+0,-2.63427E-2,
4.10955E-3,2.9819E+0,-2.39427E-2,
4.11206E-3,1.7819E+0,-2.71427E-2,
4.11456E-3,2.9819E+0,-2.47427E-2,
4.11706E-3,1.7819E+0,-2.71427E-2,
4.11956E-3,2.9819E+0,-2.47427E-2,
4.12206E-3,2.1819E+0,-2.71427E-2,
4.12456E-3,3.3819E+0,-2.39427E-2,
4.12706E-3,2.5819E+0,-2.63427E-2,
4.12956E-3,3.7819E+0,-2.31427E-2,
4.13207E-3,2.5819E+0,-2.63427E-2,
4.13457E-3,3.7819E+0,-2.39427E-2,
4.13707E-3,2.9819E+0,-2.71427E-2,
4.13957E-3,4.1819E+0,-2.47427E-2,
4.14207E-3,3.3819E+0,-2.71427E-2,
4.14457E-3,4.1819E+0,-2.39427E-2,
4.14707E-3,3.7819E+0,-2.71427E-2,
4.14957E-3,4.5819E+0,-2.47427E-2,
4.15208E-3,3.7819E+0,-2.55427E-2,
4.15458E-3,4.9819E+0,-2.31427E-2,
4.15708E-3,3.7819E+0,-2.55427E-2,
4.15958E-3,4.9819E+0,-2.31427E-2,
4.16208E-3,4.1819E+0,-2.71427E-2,
4.16458E-3,5.3819E+0,-2.39427E-2,
4.16708E-3,4.5819E+0,-2.71427E-2,
4.16958E-3,5.3819E+0,-2.47427E-2,
4.17209E-3,4.5819E+0,-2.71427E-2,
4.17459E-3,5.7819E+0,-2.47427E-2,
4.17709E-3,4.9819E+0,-2.71427E-2,
4.17959E-3,5.7819E+0,-2.23427E-2,
4.18209E-3,4.9819E+0,-2.47427E-2,
4.18459E-3,6.1819E+0,-2.23427E-2,
4.18709E-3,5.3819E+0,-2.47427E-2,
4.18959E-3,6.1819E+0,-2.23427E-2,
4.1921E-3,5.3819E+0,-2.47427E-2,
4.1946E-3,6.5819E+0,-2.23427E-2,
4.1971E-3,5.3819E+0,-2.47427E-2,
4.1996E-3,6.5819E+0,-2.15427E-2,
4.2021E-3,5.7819E+0,-2.39427E-2,
4.2046E-3,6.9819E+0,-1.99427E-2,
4.2071E-3,6.1819E+0,-2.15427E-2,
4.2096E-3,6.9819E+0,-1.91427E-2,
4.21211E-3,6.1819E+0,-2.23427E-2,
4.21461E-3,7.3819E+0,-1.99427E-2,
4.21711E-3,6.1819E+0,-2.23427E-2,
4.21961E-3,7.7819E+0,-1.99427E-2,
4.22211E-3,6.5819E+0,-2.23427E-2,
4.22461E-3,7.7819E+0,-1.99427E-2,
4.22711E-3,6.5819E+0,-2.15427E-2,
4.22961E-3,7.7819E+0,-1.83427E-2,
4.23212E-3,6.9819E+0,-1.99427E-2,
4.23462E-3,8.1819E+0,-1.67427E-2,
4.23712E-3,6.9819E+0,-1.83427E-2,
4.23962E-3,8.1819E+0,-1.59427E-2,
4.24212E-3,6.9819E+0,-1.83427E-2,
4.24462E-3,8.1819E+0,-1.59427E-2,
4.24712E-3,7.3819E+0,-1.83427E-2,
4.24962E-3,8.1819E+0,-1.59427E-2,
4.25213E-3,7.3819E+0,-1.83427E-2,
4.25463E-3,8.5819E+0,-1.51427E-2,
4.25713E-3,7.7819E+0,-1.75427E-2,
4.25963E-3,8.5819E+0,-1.35427E-2,
4.26213E-3,7.7819E+0,-1.59427E-2,
4.26463E-3,8.9819E+0,-1.27427E-2,
4.26713E-3,7.7819E+0,-1.51427E-2,
4.26963E-3,8.9819E+0,-1.27427E-2,
4.27214E-3,8.1819E+0,-1.51427E-2,
4.27464E-3,8.9819E+0,-1.27427E-2,
4.27714E-3,8.1819E+0,-1.51427E-2,
4.27964E-3,9.3819E+0,-1.19427E-2,
4.28214E-3,8.1819E+0,-1.43427E-2,
4.28464E-3,9.3819E+0,-1.03427E-2,
4.28714E-3,8.1819E+0,-1.19427E-2,
4.28964E-3,9.3819E+0,-9.5427E-3,
4.29215E-3,8.1819E+0,-1.11427E-2,
4.29465E-3,9.3819E+0,-8.7427E-3,
4.29715E-3,8.5819E+0,-1.19427E-2,
4.29965E-3,9.3819E+0,-9.5427E-3,
4.30215E-3,8.5819E+0,-1.19427E-2,
4.30465E-3,9.3819E+0,-8.7427E-3,
4.30715E-3,8.5819E+0,-1.11427E-2,
4.30965E-3,9.3819E+0,-7.1427E-3,
4.31216E-3,8.5819E+0,-8.7427E-3,
4.31466E-3,9.7819E+0,-5.5427E-3,
4.31716E-3,8.5819E+0,-7.9427E-3,
4.31966E-3,9.7819E+0,-5.5427E-3,
4.32216E-3,8.5819E+0,-7.9427E-3,
4.32466E-3,1.01819E+1,-5.5427E-3,
4.32716E-3,8.5819E+0,-8.7427E-3,
4.32966E-3,9.7819E+0,-5.5427E-3,
4.33217E-3,8.5819E+0,-7.1427E-3,
4.33467E-3,9.7819E+0,-4.7427E-3,
4.33717E-3,8.5819E+0,-7.1427E-3,
4.33967E-3,9.7819E+0,-3.9427E-3,
4.34217E-3,8.5819E+0,-5.5427E-3,
4.34467E-3,9.7819E+0,-3.9427E-3,
4.34717E-3,8.9819E+0,-5.5427E-3,
4.34967E-3,9.7819E+0,-3.1427E-3,
4.35218E-3,8.5819E+0,-6.3427E-3,
4.35468E-3,9.7819E+0,-3.1427E-3,
4.35718E-3,8.5819E+0,-5.5427E-3,
4.35968E-3,9.7819E+0,-3.1427E-3,
4.36218E-3,8.5819E+0,-4.7427E-3,
4.36468E-3,9.3819E+0,-1.5427E-3,
4.36718E-3,8.5819E+0,-3.9427E-3,
4.36968E-3,9.7819E+0,-1.5427E-3,
4.37219E-3,8.5819E+0,-4.7427E-3,
4.37469E-3,9.7819E+0,-1.5427E-3,
4.37719E-3,8.1819E+0,-4.7427E-3,
4.37969E-3,9.3819E+0,-1.5427E-3,
4.38219E-3,8.1819E+0,-4.7427E-3,
4.38469E-3,9.3819E+0,-2.3427E-3,
4.38719E-3,8.1819E+0,-3.9427E-3,
4.38969E-3,9.3819E+0,-7.427E-4,
4.3922E-3,8.1819E+0,-3.1427E-3,
4.3947E-3,8.9819E+0,-7.427E-4,
4.3972E-3,8.1819E+0,-3.1427E-3,
4.3997E-3,8.9819E+0,5.73E-5,
4.4022E-3,7.7819E+0,-4.7427E-3,
4.4047E-3,8.9819E+0,-1.5427E-3,
4.4072E-3,7.7819E+0,-4.7427E-3,
4.4097E-3,8.5819E+0,-1.5427E-3,
4.41221E-3,7.3819E+0,-5.5427E-3,
4.41471E-3,8.5819E+0,-2.3427E-3,
4.41721E-3,7.3819E+0,-3.9427E-3,
4.41971E-3,8.5819E+0,-7.427E-4,
4.42221E-3,7.3819E+0,-3.1427E-3,
4.42471E-3,8.5819E+0,-7.427E-4,
4.42721E-3,6.9819E+0,-4.7427E-3,
4.42971E-3,8.1819E+0,-1.5427E-3,
4.43222E-3,6.5819E+0,-4.7427E-3,
4.43472E-3,8.1819E+0,-2.3427E-3,
4.43722E-3,6.9819E+0,-5.5427E-3,
4.43972E-3,8.1819E+0,-2.3427E-3,
4.44222E-3,6.5819E+0,-3.9427E-3,
4.44472E-3,7.7819E+0,-1.5427E-3,
4.44722E-3,6.1819E+0,-4.7427E-3,
4.44972E-3,7.7819E+0,-1.5427E-3,
4.45223E-3,6.1819E+0,-5.5427E-3,
4.45473E-3,7.3819E+0,-2.3427E-3,
4.45723E-3,6.1819E+0,-6.3427E-3,
4.45973E-3,7.3819E+0,-3.9427E-3,
4.46223E-3,5.7819E+0,-6.3427E-3,
4.46473E-3,6.9819E+0,-3.9427E-3,
4.46723E-3,5.7819E+0,-6.3427E-3,
4.46973E-3,6.9819E+0,-3.9427E-3,
4.47224E-3,5.3819E+0,-5.5427E-3,
4.47474E-3,6.5819E+0,-3.1427E-3,
4.47724E-3,5.3819E+0,-7.1427E-3,
4.47974E-3,6.5819E+0,-3.9427E-3,
4.48224E-3,4.9819E+0,-8.7427E-3,
4.48474E-3,6.1819E+0,-4.7427E-3,
4.48724E-3,4.5819E+0,-9.5427E-3,
4.48974E-3,5.7819E+0,-7.1427E-3,
4.49225E-3,4.5819E+0,-9.5427E-3,
4.49475E-3,5.7819E+0,-5.5427E-3,
4.49725E-3,4.5819E+0,-8.7427E-3,
4.49975E-3,5.3819E+0,-5.5427E-3,
4.50225E-3,4.1819E+0,-9.5427E-3,
4.50475E-3,5.3819E+0,-5.5427E-3,
4.50725E-3,4.1819E+0,-1.03427E-2,
4.50975E-3,5.3819E+0,-7.1427E-3,
4.51226E-3,3.7819E+0,-1.11427E-2,
4.51476E-3,4.9819E+0,-7.9427E-3,
4.51726E-3,3.7819E+0,-1.19427E-2,
4.51976E-3,4.5819E+0,-8.7427E-3,
4.52226E-3,3.3819E+0,-1.03427E-2,
4.52476E-3,4.5819E+0,-7.9427E-3,
4.52726E-3,2.9819E+0,-1.11427E-2,
4.52976E-3,4.1819E+0,-7.9427E-3,
4.53227E-3,2.5819E+0,-1.35427E-2,
4.53477E-3,4.1819E+0,-9.5427E-3,
4.53727E-3,2.5819E+0,-1.35427E-2,
4.53977E-3,3.7819E+0,-1.11427E-2,
4.54227E-3,2.1819E+0,-1.35427E-2,
4.54477E-3,3.3819E+0,-1.11427E-2,
4.54727E-3,2.1819E+0,-1.27427E-2,
4.54977E-3,3.3819E+0,-9.5427E-3,
4.55228E-3,2.1819E+0,-1.19427E-2,
4.55478E-3,2.9819E+0,-9.5427E-3,
4.55728E-3,1.3819E+0,-1.43427E-2,
4.55978E-3,2.9819E+0,-1.03427E-2,
4.56228E-3,1.3819E+0,-1.59427E-2,
4.56478E-3,2.5819E+0,-1.19427E-2,
4.56728E-3,1.3819E+0,-1.59427E-2,
4.56978E-3,2.1819E+0,-1.27427E-2,
4.57229E-3,9.819E-1,-1.51427E-2,
4.57479E-3,2.1819E+0,-1.11427E-2,
4.57729E-3,9.819E-1,-1.43427E-2,
4.57979E-3,1.7819E+0,-1.11427E-2,
4.58229E-3,5.819E-1,-1.51427E-2,
4.58479E-3,1.7819E+0,-1.19427E-2,
4.58729E-3,1.819E-1,-1.75427E-2,
4.58979E-3,1.3819E+0,-1.35427E-2,
4.5923E-3,1.819E-1,-1.67427E-2,
4.5948E-3,9.819E-1,-1.35427E-2,
4.5973E-3,-2.181E-1,-1.67427E-2,
4.5998E-3,9.819E-1,-1.27427E-2,
4.6023E-3,-2.181E-1,-1.51427E-2,
4.6048E-3,5.819E-1,-1.19427E-2,
4.6073E-3,-6.181E-1,-1.59427E-2,
4.6098E-3,5.819E-1,-1.27427E-2,
4.61231E-3,-1.0181E+0,-1.59427E-2,
4.61481E-3,1.819E-1,-1.35427E-2,
4.61731E-3,-1.0181E+0,-1.67427E-2,
4.61981E-3,1.819E-1,-1.43427E-2,
4.62231E-3,-1.4181E+0,-1.67427E-2,
4.62481E-3,-2.181E-1,-1.27427E-2,
4.62731E-3,-1.4181E+0,-1.59427E-2,
4.62981E-3,-6.181E-1,-1.27427E-2,
4.63232E-3,-1.8181E+0,-1.59427E-2,
4.63482E-3,-1.0181E+0,-1.27427E-2,
4.63732E-3,-2.2181E+0,-1.75427E-2,
4.63982E-3,-1.0181E+0,-1.35427E-2,
4.64232E-3,-2.6181E+0,-1.75427E-2,
4.64482E-3,-1.4181E+0,-1.43427E-2,
4.64732E-3,-2.6181E+0,-1.67427E-2,
4.64982E-3,-1.4181E+0,-1.35427E-2,
4.65233E-3,-2.6181E+0,-1.51427E-2,
4.65483E-3,-1.8181E+0,-1.19427E-2,
4.65733E-3,-3.0181E+0,-1.43427E-2,
4.65983E-3,-1.8181E+0,-1.19427E-2,
4.66233E-3,-3.4181E+0,-1.51427E-2,
4.66483E-3,-2.2181E+0,-1.19427E-2,
4.66733E-3,-3.4181E+0,-1.59427E-2,
4.66983E-3,-2.6181E+0,-1.35427E-2,
4.67234E-3,-3.8181E+0,-1.51427E-2,
4.67484E-3,-2.6181E+0,-1.19427E-2,
4.67734E-3,-3.8181E+0,-1.43427E-2,
4.67984E-3,-3.0181E+0,-1.03427E-2,
4.68234E-3,-4.2181E+0,-1.27427E-2,
4.68484E-3,-3.0181E+0,-1.03427E-2,
4.68734E-3,-4.6181E+0,-1.35427E-2,
4.68984E-3,-3.4181E+0,-1.11427E-2,
4.69235E-3,-4.6181E+0,-1.35427E-2,
4.69485E-3,-3.4181E+0,-1.11427E-2,
4.69735E-3,-5.0181E+0,-1.35427E-2,
4.69985E-3,-3.8181E+0,-1.03427E-2,
4.70235E-3,-5.0181E+0,-1.35427E-2,
4.70485E-3,-4.2181E+0,-9.5427E-3,
4.70735E-3,-5.4181E+0,-1.11427E-2,
4.70985E-3,-4.2181E+0,-7.9427E-3,
4.71236E-3,-5.8181E+0,-1.03427E-2,
4.71486E-3,-4.6181E+0,-8.7427E-3,
4.71736E-3,-5.8181E+0,-1.11427E-2,
4.71986E-3,-4.6181E+0,-8.7427E-3,
4.72236E-3,-5.8181E+0,-1.11427E-2,
4.72486E-3,-5.0181E+0,-8.7427E-3,
4.72736E-3,-5.8181E+0,-1.03427E-2,
4.72986E-3,-5.0181E+0,-6.3427E-3,
4.73237E-3,-6.2181E+0,-7.9427E-3,
4.73487E-3,-5.0181E+0,-5.5427E-3,
4.73737E-3,-6.2181E+0,-7.9427E-3,
4.73987E-3,-5.4181E+0,-4.7427E-3,
4.74237E-3,-6.6181E+0,-7.9427E-3,
4.74487E-3,-5.4181E+0,-5.5427E-3,
4.74737E-3,-6.6181E+0,-7.1427E-3,
4.74987E-3,-5.8181E+0,-4.7427E-3,
4.75238E-3,-7.0181E+0,-7.1427E-3,
4.75488E-3,-5.8181E+0,-3.9427E-3,
4.75738E-3,-7.0181E+0,-5.5427E-3,
4.75988E-3,-5.8181E+0,-1.5427E-3,
4.76238E-3,-7.0181E+0,-3.9427E-3,
4.76488E-3,-6.2181E+0,-7.427E-4,
4.76738E-3,-7.4181E+0,-3.1427E-3,
4.76988E-3,-6.2181E+0,-7.427E-4,
4.77239E-3,-7.4181E+0,-3.9427E-3,
4.77489E-3,-6.6181E+0,-1.5427E-3,
4.77739E-3,-7.4181E+0,-3.9427E-3,
4.77989E-3,-6.6181E+0,-1.5427E-3,
4.78239E-3,-7.8181E+0,-3.1427E-3,
4.78489E-3,-6.6181E+0,1.6573E-3,
4.78739E-3,-7.8181E+0,5.73E-5,
4.78989E-3,-7.0181E+0,2.4573E-3,
4.7924E-3,-7.8181E+0,-7.427E-4,
4.7949E-3,-6.6181E+0,2.4573E-3,
4.7974E-3,-7.8181E+0,-7.427E-4,
4.7999E-3,-7.0181E+0,1.6573E-3,
4.8024E-3,-7.8181E+0,5.73E-5,
4.8049E-3,-7.0181E+0,2.4573E-3,
4.8074E-3,-7.8181E+0,5.73E-5,
4.8099E-3,-7.0181E+0,4.0573E-3,
4.81241E-3,-8.2181E+0,2.4573E-3,
4.81491E-3,-7.0181E+0,4.8573E-3,
4.81741E-3,-8.2181E+0,2.4573E-3,
4.81991E-3,-7.4181E+0,5.6573E-3,
4.82241E-3,-8.2181E+0,3.2573E-3,
4.82491E-3,-7.4181E+0,5.6573E-3,
4.82741E-3,-8.2181E+0,2.4573E-3,
4.82991E-3,-7.4181E+0,5.6573E-3,
4.83242E-3,-8.2181E+0,3.2573E-3,
4.83492E-3,-7.4181E+0,6.4573E-3,
4.83742E-3,-8.2181E+0,4.8573E-3,
4.83992E-3,-7.4181E+0,8.0573E-3,
4.84242E-3,-8.2181E+0,5.6573E-3,
4.84492E-3,-7.4181E+0,8.0573E-3,
4.84742E-3,-8.2181E+0,5.6573E-3,
4.84992E-3,-7.4181E+0,8.0573E-3,
4.85243E-3,-8.6181E+0,5.6573E-3,
4.85493E-3,-7.4181E+0,8.0573E-3,
4.85743E-3,-8.2181E+0,5.6573E-3,
4.85993E-3,-7.4181E+0,8.0573E-3,
4.86243E-3,-8.6181E+0,6.4573E-3,
4.86493E-3,-7.4181E+0,9.6573E-3,
4.86743E-3,-8.2181E+0,8.0573E-3,
4.86993E-3,-7.8181E+0,1.12573E-2,
4.87244E-3,-8.6181E+0,7.2573E-3,
4.87494E-3,-7.4181E+0,1.04573E-2,
4.87744E-3,-8.6181E+0,6.4573E-3,
4.87994E-3,-7.4181E+0,8.8573E-3,
4.88244E-3,-8.6181E+0,7.2573E-3,
4.88494E-3,-7.4181E+0,9.6573E-3,
4.88744E-3,-8.6181E+0,8.8573E-3,
4.88994E-3,-7.4181E+0,1.28573E-2,
4.89245E-3,-8.6181E+0,9.6573E-3,
4.89495E-3,-7.4181E+0,1.20573E-2,
4.89745E-3,-8.6181E+0,8.8573E-3,
4.89995E-3,-7.8181E+0,1.20573E-2,
4.90245E-3,-8.6181E+0,7.2573E-3,
4.90495E-3,-7.4181E+0,1.04573E-2,
4.90745E-3,-8.6181E+0,8.0573E-3,
4.90995E-3,-7.4181E+0,9.6573E-3,
4.91246E-3,-8.2181E+0,8.0573E-3,
4.91496E-3,-7.4181E+0,1.20573E-2,
4.91746E-3,-8.6181E+0,9.6573E-3,
4.91996E-3,-7.4181E+0,1.20573E-2,
4.92246E-3,-8.6181E+0,9.6573E-3,
4.92496E-3,-7.4181E+0,1.20573E-2,
4.92746E-3,-8.2181E+0,8.8573E-3,
4.92996E-3,-7.4181E+0,1.20573E-2,
4.93247E-3,-8.2181E+0,8.0573E-3,
4.93497E-3,-7.4181E+0,1.12573E-2,
4.93747E-3,-8.2181E+0,8.8573E-3,
4.93997E-3,-7.4181E+0,1.20573E-2,
4.94247E-3,-8.2181E+0,1.04573E-2,
4.94497E-3,-7.4181E+0,1.28573E-2,
4.94747E-3,-8.2181E+0,1.04573E-2,
4.94997E-3,-7.4181E+0,1.28573E-2,
4.95248E-3,-8.2181E+0,8.8573E-3,
4.95498E-3,-7.0181E+0,1.20573E-2,
4.95748E-3,-8.2181E+0,8.0573E-3,
4.95998E-3,-7.0181E+0,1.12573E-2,
4.96248E-3,-7.8181E+0,8.0573E-3,
4.96498E-3,-7.0181E+0,1.04573E-2,
4.96748E-3,-7.8181E+0,8.8573E-3,
4.96998E-3,-7.0181E+0,1.20573E-2,
4.97249E-3,-7.8181E+0,9.6573E-3,
4.97499E-3,-7.0181E+0,1.28573E-2,
4.97749E-3,-7.8181E+0,8.0573E-3,
4.97999E-3,-6.6181E+0,1.20573E-2,
4.98249E-3,-7.8181E+0,7.2573E-3,
4.98499E-3,-6.6181E+0,9.6573E-3,
4.98749E-3,-7.4181E+0,6.4573E-3,
4.98999E-3,-6.6181E+0,9.6573E-3,
4.9925E-3,-7.4181E+0,7.2573E-3,
4.995E-3,-6.2181E+0,1.04573E-2,
4.9975E-3,-7.4181E+0,8.0573E-3,
5.E-3,-6.2181E+0,1.12573E-2,
